==================== 2026-06-25T10:03:45.231697Z | 019efe3c-4cb6-7d62-82c0-ebc362e73640 ====================
==================== 2026-06-25T10:03:51.840093Z | 019efe3c-669d-7860-913f-53d861eb5073 ====================
10:03:51.841117 [info ]: dbt-fusion 2.0.0-preview.190
10:03:51.849736 [info ]: Started loading project
10:03:51.909152 [info ]: Loading profiles.yml
10:03:51.937339 [info ]: Finished loading project [  0.09s]
10:03:51.938815 [info ]: Started debugging
10:03:51.939514 [info ]: Debugging profile: dev
10:03:51.939707 [info ]: Debugging dbt version: 2.0.0-preview.190
10:03:51.939847 [info ]: Debugging platform: windows x86_64 (windows)
10:03:51.941479 [info ]: Debugging adapter type: bigquery (remote)
10:03:52.020384 [info ]: Debugging dependencies:
  git: OK
10:03:52.024477 [info ]: Debugging connection:
  "database": "gbi-test",
  "schema": "dbt_dev",
  "timeout_seconds": 300,
  "priority": "interactive",
  "method": "oauth",
  "location": "US",
  "dataproc_batch": null
10:03:55.702833 [info ]: Finished debugging [  3.76s]
10:03:55.703357 [error]: [AuthenticationFailed (dbt1011)]: dbt was unable to connect to the specified database.
The following error was returned:

[BigQuery] bigquery: constructing client: credentials: could not find default credentials. See https://cloud.google.com/docs/authentication/external/set-up-adc for more information

Check your database credentials and try again. For more information, visit:
https://docs.getdbt.com/docs/core/connect-data-platform/connection-profiles
10:03:56.845077 [info ]: 
==================== Execution Summary =====================
Finished 'debug' with 1 error for target 'dev' [5.0s]
10:03:57.156485 [info ]: 
==================== Execution Summary =====================
Finished 'init' successfully [11.9s]
[0m17:10:14.661335 [debug] [MainThread]: Sending event: {'category': 'dbt', 'action': 'invocation', 'label': 'start', 'context': [<snowplow_tracker.self_describing_json.SelfDescribingJson object at 0x000001F7E67E6180>, <snowplow_tracker.self_describing_json.SelfDescribingJson object at 0x000001F7E5BED3A0>, <snowplow_tracker.self_describing_json.SelfDescribingJson object at 0x000001F7E65D8560>]}


============================== 17:10:14.670147 | 9284a2cf-0b28-45fc-85e2-f36e6312a57d ==============================
[0m17:10:14.670147 [info ] [MainThread]: Running with dbt=1.11.11
[0m17:10:14.670147 [debug] [MainThread]: running dbt with arguments {'version_check': 'True', 'no_print': 'None', 'static_parser': 'True', 'target_path': 'None', 'warn_error_options': 'WarnErrorOptionsV2(error=[], warn=[], silence=[])', 'printer_width': '80', 'write_json': 'True', 'introspect': 'True', 'log_cache_events': 'False', 'empty': 'None', 'cache_selected_only': 'False', 'log_format': 'default', 'debug': 'False', 'fail_fast': 'False', 'profiles_dir': 'C:\\Users\\newbi\\Documents\\Local_Documents\\google-fiber-fcr-capstone-dbt\\dbt', 'send_anonymous_usage_stats': 'True', 'quiet': 'False', 'warn_error': 'None', 'partial_parse': 'True', 'use_colors': 'True', 'indirect_selection': 'eager', 'invocation_command': 'dbt clean', 'use_experimental_parser': 'False', 'log_path': 'C:\\Users\\newbi\\Documents\\Local_Documents\\google-fiber-fcr-capstone-dbt\\dbt\\logs'}
[0m17:10:14.829386 [debug] [MainThread]: Sending event: {'category': 'dbt', 'action': 'project_id', 'label': '9284a2cf-0b28-45fc-85e2-f36e6312a57d', 'context': [<snowplow_tracker.self_describing_json.SelfDescribingJson object at 0x000001F7E8004EC0>]}
[0m17:10:14.988883 [debug] [MainThread]: Command `dbt clean` succeeded at 17:10:14.988883 after 0.44 seconds
[0m17:10:14.988883 [debug] [MainThread]: Sending event: {'category': 'dbt', 'action': 'invocation', 'label': 'end', 'context': [<snowplow_tracker.self_describing_json.SelfDescribingJson object at 0x000001F7E5A525A0>, <snowplow_tracker.self_describing_json.SelfDescribingJson object at 0x000001F7E5A517C0>, <snowplow_tracker.self_describing_json.SelfDescribingJson object at 0x000001F7E61454C0>]}
[0m17:10:14.989885 [debug] [MainThread]: Flushing usage events
[0m17:10:16.328763 [debug] [MainThread]: An error was encountered while trying to flush usage events
[0m17:10:38.651692 [debug] [MainThread]: Sending event: {'category': 'dbt', 'action': 'invocation', 'label': 'start', 'context': [<snowplow_tracker.self_describing_json.SelfDescribingJson object at 0x0000019A3EE98EF0>, <snowplow_tracker.self_describing_json.SelfDescribingJson object at 0x0000019A39161250>, <snowplow_tracker.self_describing_json.SelfDescribingJson object at 0x0000019A3F01B380>]}


============================== 17:10:38.667662 | 62971e1d-da4d-40b7-8d63-2120b207eb54 ==============================
[0m17:10:38.667662 [info ] [MainThread]: Running with dbt=1.11.11
[0m17:10:38.667662 [debug] [MainThread]: running dbt with arguments {'version_check': 'True', 'no_print': 'None', 'static_parser': 'True', 'target_path': 'None', 'warn_error_options': 'WarnErrorOptionsV2(error=[], warn=[], silence=[])', 'printer_width': '80', 'write_json': 'True', 'introspect': 'True', 'log_cache_events': 'False', 'empty': 'None', 'cache_selected_only': 'False', 'log_format': 'default', 'debug': 'False', 'fail_fast': 'False', 'partial_parse': 'True', 'send_anonymous_usage_stats': 'True', 'quiet': 'False', 'warn_error': 'None', 'profiles_dir': 'C:\\Users\\newbi\\Documents\\Local_Documents\\google-fiber-fcr-capstone-dbt\\dbt', 'indirect_selection': 'eager', 'invocation_command': 'dbt test', 'use_colors': 'True', 'use_experimental_parser': 'False', 'log_path': 'C:\\Users\\newbi\\Documents\\Local_Documents\\google-fiber-fcr-capstone-dbt\\dbt\\logs'}
[0m17:10:38.667662 [info ] [MainThread]: Error importing adapter: No module named 'dbt.adapters.bigquery'
[0m17:10:38.667662 [error] [MainThread]: Encountered an error:
Runtime Error
  Credentials in profile "google_fiber", target "dev" invalid: Runtime Error
    Could not find adapter type bigquery!
[0m17:10:38.677756 [debug] [MainThread]: Command `dbt test` failed at 17:10:38.677756 after 0.13 seconds
[0m17:10:38.677756 [debug] [MainThread]: Sending event: {'category': 'dbt', 'action': 'invocation', 'label': 'end', 'context': [<snowplow_tracker.self_describing_json.SelfDescribingJson object at 0x0000019A3F251130>, <snowplow_tracker.self_describing_json.SelfDescribingJson object at 0x0000019A3EE9AB10>, <snowplow_tracker.self_describing_json.SelfDescribingJson object at 0x0000019A3EDEE570>]}
[0m17:10:38.678849 [debug] [MainThread]: Flushing usage events
[0m17:10:40.008488 [debug] [MainThread]: An error was encountered while trying to flush usage events
[0m17:13:55.113407 [debug] [MainThread]: Sending event: {'category': 'dbt', 'action': 'invocation', 'label': 'start', 'context': [<snowplow_tracker.self_describing_json.SelfDescribingJson object at 0x0000027107C4FA40>, <snowplow_tracker.self_describing_json.SelfDescribingJson object at 0x0000027101E21250>, <snowplow_tracker.self_describing_json.SelfDescribingJson object at 0x000002710570F9E0>]}


============================== 17:13:55.113407 | f3cdd7c7-e109-453c-b80e-bfd8b5f90825 ==============================
[0m17:13:55.113407 [info ] [MainThread]: Running with dbt=1.11.11
[0m17:13:55.129279 [debug] [MainThread]: running dbt with arguments {'version_check': 'True', 'no_print': 'None', 'static_parser': 'True', 'warn_error_options': 'WarnErrorOptionsV2(error=[], warn=[], silence=[])', 'target_path': 'None', 'printer_width': '80', 'write_json': 'True', 'introspect': 'True', 'log_cache_events': 'False', 'empty': 'None', 'cache_selected_only': 'False', 'fail_fast': 'False', 'debug': 'False', 'log_format': 'default', 'profiles_dir': 'C:\\Users\\newbi\\Documents\\Local_Documents\\google-fiber-fcr-capstone-dbt\\dbt', 'send_anonymous_usage_stats': 'True', 'quiet': 'False', 'warn_error': 'None', 'partial_parse': 'True', 'use_colors': 'True', 'invocation_command': 'dbt debug', 'indirect_selection': 'eager', 'use_experimental_parser': 'False', 'log_path': 'C:\\Users\\newbi\\Documents\\Local_Documents\\google-fiber-fcr-capstone-dbt\\dbt\\logs'}
[0m17:13:55.151399 [info ] [MainThread]: dbt version: 1.11.11
[0m17:13:55.151399 [info ] [MainThread]: python version: 3.12.9
[0m17:13:55.151399 [info ] [MainThread]: python path: C:\Users\newbi\AppData\Local\Programs\Python\Python312\python.exe
[0m17:13:55.151399 [info ] [MainThread]: os info: Windows-11-10.0.26200-SP0
[0m17:13:55.160132 [info ] [MainThread]: Error importing adapter: No module named 'dbt.adapters.bigquery'
[0m17:13:55.160132 [info ] [MainThread]: Using profiles dir at C:\Users\newbi\Documents\Local_Documents\google-fiber-fcr-capstone-dbt\dbt
[0m17:13:55.160132 [info ] [MainThread]: Using profiles.yml file at C:\Users\newbi\Documents\Local_Documents\google-fiber-fcr-capstone-dbt\dbt\profiles.yml
[0m17:13:55.166114 [info ] [MainThread]: Using dbt_project.yml file at C:\Users\newbi\Documents\Local_Documents\google-fiber-fcr-capstone-dbt\dbt\dbt_project.yml
[0m17:13:55.260024 [info ] [MainThread]: Configuration:
[0m17:13:55.260024 [info ] [MainThread]:   profiles.yml file [[31mERROR invalid[0m]
[0m17:13:55.260024 [info ] [MainThread]:   dbt_project.yml file [[32mOK found and valid[0m]
[0m17:13:55.260024 [info ] [MainThread]: Required dependencies:
[0m17:13:55.260024 [debug] [MainThread]: Executing "git --help"
[0m17:13:55.309274 [debug] [MainThread]: STDOUT: "b"usage: git [-v | --version] [-h | --help] [-C <path>] [-c <name>=<value>]\n           [--exec-path[=<path>]] [--html-path] [--man-path] [--info-path]\n           [-p | --paginate | -P | --no-pager] [--no-replace-objects] [--no-lazy-fetch]\n           [--no-optional-locks] [--no-advice] [--bare] [--git-dir=<path>]\n           [--work-tree=<path>] [--namespace=<name>] [--config-env=<name>=<envvar>]\n           <command> [<args>]\n\nThese are common Git commands used in various situations:\n\nstart a working area (see also: git help tutorial)\n   clone      Clone a repository into a new directory\n   init       Create an empty Git repository or reinitialize an existing one\n\nwork on the current change (see also: git help everyday)\n   add        Add file contents to the index\n   mv         Move or rename a file, a directory, or a symlink\n   restore    Restore working tree files\n   rm         Remove files from the working tree and from the index\n\nexamine the history and state (see also: git help revisions)\n   bisect     Use binary search to find the commit that introduced a bug\n   diff       Show changes between commits, commit and working tree, etc\n   grep       Print lines matching a pattern\n   log        Show commit logs\n   show       Show various types of objects\n   status     Show the working tree status\n\ngrow, mark and tweak your common history\n   backfill   Download missing objects in a partial clone\n   branch     List, create, or delete branches\n   commit     Record changes to the repository\n   history    EXPERIMENTAL: Rewrite history\n   merge      Join two or more development histories together\n   rebase     Reapply commits on top of another base tip\n   reset      Set `HEAD` or the index to a known state\n   switch     Switch branches\n   tag        Create, list, delete or verify tags\n\ncollaborate (see also: git help workflows)\n   fetch      Download objects and refs from another repository\n   pull       Fetch from and integrate with another repository or a local branch\n   push       Update remote refs along with associated objects\n\n'git help -a' and 'git help -g' list available subcommands and some\nconcept guides. See 'git help <command>' or 'git help <concept>'\nto read about a specific subcommand or concept.\nSee 'git help git' for an overview of the system.\n""
[0m17:13:55.309274 [debug] [MainThread]: STDERR: "b''"
[0m17:13:55.310282 [info ] [MainThread]:  - git [[32mOK found[0m]

[0m17:13:55.310282 [info ] [MainThread]: Connection test skipped since no profile was found
[0m17:13:55.310282 [info ] [MainThread]: [31m1 check failed:[0m
[0m17:13:55.310282 [info ] [MainThread]: Profile loading failed for the following reason:
Runtime Error
  Credentials in profile "google_fiber", target "dev" invalid: Runtime Error
    Could not find adapter type bigquery!


[0m17:13:55.310282 [debug] [MainThread]: Command `dbt debug` failed at 17:13:55.310282 after 0.32 seconds
[0m17:13:55.310282 [debug] [MainThread]: Sending event: {'category': 'dbt', 'action': 'invocation', 'label': 'end', 'context': [<snowplow_tracker.self_describing_json.SelfDescribingJson object at 0x0000027108105160>, <snowplow_tracker.self_describing_json.SelfDescribingJson object at 0x00000271094B3A10>, <snowplow_tracker.self_describing_json.SelfDescribingJson object at 0x00000271094D6C00>]}
[0m17:13:55.310282 [debug] [MainThread]: Flushing usage events
[0m17:13:56.654217 [debug] [MainThread]: An error was encountered while trying to flush usage events
[0m17:16:30.170679 [debug] [MainThread]: Sending event: {'category': 'dbt', 'action': 'invocation', 'label': 'start', 'context': [<snowplow_tracker.self_describing_json.SelfDescribingJson object at 0x0000024977B71250>, <snowplow_tracker.self_describing_json.SelfDescribingJson object at 0x000002497E18BA10>, <snowplow_tracker.self_describing_json.SelfDescribingJson object at 0x000002497E18B980>]}


============================== 17:16:30.170679 | 6a83f353-cefc-458d-bcb5-9e4678bb88bc ==============================
[0m17:16:30.170679 [info ] [MainThread]: Running with dbt=1.11.11
[0m17:16:30.170679 [debug] [MainThread]: running dbt with arguments {'static_parser': 'True', 'no_print': 'None', 'version_check': 'True', 'warn_error_options': 'WarnErrorOptionsV2(error=[], warn=[], silence=[])', 'target_path': 'None', 'printer_width': '80', 'write_json': 'True', 'introspect': 'True', 'log_cache_events': 'False', 'empty': 'None', 'cache_selected_only': 'False', 'log_format': 'default', 'debug': 'False', 'fail_fast': 'False', 'partial_parse': 'True', 'send_anonymous_usage_stats': 'True', 'quiet': 'False', 'warn_error': 'None', 'profiles_dir': 'C:\\Users\\newbi\\Documents\\Local_Documents\\google-fiber-fcr-capstone-dbt\\dbt', 'use_colors': 'True', 'invocation_command': 'dbt debug', 'indirect_selection': 'eager', 'use_experimental_parser': 'False', 'log_path': 'C:\\Users\\newbi\\Documents\\Local_Documents\\google-fiber-fcr-capstone-dbt\\dbt\\logs'}
[0m17:16:30.192406 [info ] [MainThread]: dbt version: 1.11.11
[0m17:16:30.192406 [info ] [MainThread]: python version: 3.12.9
[0m17:16:30.192406 [info ] [MainThread]: python path: C:\Users\newbi\AppData\Local\Programs\Python\Python312\python.exe
[0m17:16:30.192406 [info ] [MainThread]: os info: Windows-11-10.0.26200-SP0
[0m17:16:30.209732 [info ] [MainThread]: Error importing adapter: No module named 'dbt.adapters.bigquery'
[0m17:16:30.210745 [info ] [MainThread]: Using profiles dir at C:\Users\newbi\Documents\Local_Documents\google-fiber-fcr-capstone-dbt\dbt
[0m17:16:30.210745 [info ] [MainThread]: Using profiles.yml file at C:\Users\newbi\Documents\Local_Documents\google-fiber-fcr-capstone-dbt\dbt\profiles.yml
[0m17:16:30.211339 [info ] [MainThread]: Using dbt_project.yml file at C:\Users\newbi\Documents\Local_Documents\google-fiber-fcr-capstone-dbt\dbt\dbt_project.yml
[0m17:16:30.327028 [info ] [MainThread]: Configuration:
[0m17:16:30.327028 [info ] [MainThread]:   profiles.yml file [[31mERROR invalid[0m]
[0m17:16:30.327917 [info ] [MainThread]:   dbt_project.yml file [[32mOK found and valid[0m]
[0m17:16:30.327917 [info ] [MainThread]: Required dependencies:
[0m17:16:30.328961 [debug] [MainThread]: Executing "git --help"
[0m17:16:30.365467 [debug] [MainThread]: STDOUT: "b"usage: git [-v | --version] [-h | --help] [-C <path>] [-c <name>=<value>]\n           [--exec-path[=<path>]] [--html-path] [--man-path] [--info-path]\n           [-p | --paginate | -P | --no-pager] [--no-replace-objects] [--no-lazy-fetch]\n           [--no-optional-locks] [--no-advice] [--bare] [--git-dir=<path>]\n           [--work-tree=<path>] [--namespace=<name>] [--config-env=<name>=<envvar>]\n           <command> [<args>]\n\nThese are common Git commands used in various situations:\n\nstart a working area (see also: git help tutorial)\n   clone      Clone a repository into a new directory\n   init       Create an empty Git repository or reinitialize an existing one\n\nwork on the current change (see also: git help everyday)\n   add        Add file contents to the index\n   mv         Move or rename a file, a directory, or a symlink\n   restore    Restore working tree files\n   rm         Remove files from the working tree and from the index\n\nexamine the history and state (see also: git help revisions)\n   bisect     Use binary search to find the commit that introduced a bug\n   diff       Show changes between commits, commit and working tree, etc\n   grep       Print lines matching a pattern\n   log        Show commit logs\n   show       Show various types of objects\n   status     Show the working tree status\n\ngrow, mark and tweak your common history\n   backfill   Download missing objects in a partial clone\n   branch     List, create, or delete branches\n   commit     Record changes to the repository\n   history    EXPERIMENTAL: Rewrite history\n   merge      Join two or more development histories together\n   rebase     Reapply commits on top of another base tip\n   reset      Set `HEAD` or the index to a known state\n   switch     Switch branches\n   tag        Create, list, delete or verify tags\n\ncollaborate (see also: git help workflows)\n   fetch      Download objects and refs from another repository\n   pull       Fetch from and integrate with another repository or a local branch\n   push       Update remote refs along with associated objects\n\n'git help -a' and 'git help -g' list available subcommands and some\nconcept guides. See 'git help <command>' or 'git help <concept>'\nto read about a specific subcommand or concept.\nSee 'git help git' for an overview of the system.\n""
[0m17:16:30.365467 [debug] [MainThread]: STDERR: "b''"
[0m17:16:30.365467 [info ] [MainThread]:  - git [[32mOK found[0m]

[0m17:16:30.366564 [info ] [MainThread]: Connection test skipped since no profile was found
[0m17:16:30.366564 [info ] [MainThread]: [31m1 check failed:[0m
[0m17:16:30.367512 [info ] [MainThread]: Profile loading failed for the following reason:
Runtime Error
  Credentials in profile "google_fiber", target "dev" invalid: Runtime Error
    Could not find adapter type bigquery!


[0m17:16:30.367512 [debug] [MainThread]: Command `dbt debug` failed at 17:16:30.367512 after 0.32 seconds
[0m17:16:30.368559 [debug] [MainThread]: Sending event: {'category': 'dbt', 'action': 'invocation', 'label': 'end', 'context': [<snowplow_tracker.self_describing_json.SelfDescribingJson object at 0x000002497E1BD490>, <snowplow_tracker.self_describing_json.SelfDescribingJson object at 0x000002497B7998B0>, <snowplow_tracker.self_describing_json.SelfDescribingJson object at 0x000002497D5AE750>]}
[0m17:16:30.368559 [debug] [MainThread]: Flushing usage events
[0m17:16:31.775136 [debug] [MainThread]: An error was encountered while trying to flush usage events
[0m17:45:32.392825 [debug] [MainThread]: Sending event: {'category': 'dbt', 'action': 'invocation', 'label': 'start', 'context': [<snowplow_tracker.self_describing_json.SelfDescribingJson object at 0x000001FAC173AD80>, <snowplow_tracker.self_describing_json.SelfDescribingJson object at 0x000001FAC0F51940>, <snowplow_tracker.self_describing_json.SelfDescribingJson object at 0x000001FAC1EF5CA0>]}


============================== 17:45:32.400697 | 85ebf27f-6cec-49fa-a8bb-53bdc5af8bd2 ==============================
[0m17:45:32.400697 [info ] [MainThread]: Running with dbt=1.11.11
[0m17:45:32.400697 [debug] [MainThread]: running dbt with arguments {'version_check': 'True', 'no_print': 'None', 'static_parser': 'True', 'warn_error_options': 'WarnErrorOptionsV2(error=[], warn=[], silence=[])', 'target_path': 'None', 'printer_width': '80', 'write_json': 'True', 'introspect': 'True', 'log_cache_events': 'False', 'empty': 'None', 'cache_selected_only': 'False', 'fail_fast': 'False', 'debug': 'False', 'log_format': 'default', 'partial_parse': 'True', 'send_anonymous_usage_stats': 'True', 'quiet': 'False', 'warn_error': 'None', 'profiles_dir': 'C:\\Users\\newbi\\.dbt', 'invocation_command': 'dbt debug', 'use_colors': 'True', 'indirect_selection': 'eager', 'use_experimental_parser': 'False', 'log_path': 'C:\\Users\\newbi\\Documents\\Local_Documents\\google-fiber-fcr-capstone-dbt\\dbt\\logs'}
[0m17:45:32.422439 [info ] [MainThread]: dbt version: 1.11.11
[0m17:45:32.422439 [info ] [MainThread]: python version: 3.12.9
[0m17:45:32.422439 [info ] [MainThread]: python path: C:\Users\newbi\AppData\Local\Programs\Python\Python312\python.exe
[0m17:45:32.422439 [info ] [MainThread]: os info: Windows-11-10.0.26200-SP0
[0m17:45:34.622789 [info ] [MainThread]: Using profiles dir at C:\Users\newbi\.dbt
[0m17:45:34.622789 [info ] [MainThread]: Using profiles.yml file at C:\Users\newbi\.dbt\profiles.yml
[0m17:45:34.622789 [info ] [MainThread]: Using dbt_project.yml file at C:\Users\newbi\Documents\Local_Documents\google-fiber-fcr-capstone-dbt\dbt\dbt_project.yml
[0m17:45:34.638658 [info ] [MainThread]: adapter type: bigquery
[0m17:45:34.638658 [info ] [MainThread]: adapter version: 1.11.3
[0m17:45:34.727531 [info ] [MainThread]: Configuration:
[0m17:45:34.727531 [info ] [MainThread]:   profiles.yml file [[32mOK found and valid[0m]
[0m17:45:34.743216 [info ] [MainThread]:   dbt_project.yml file [[32mOK found and valid[0m]
[0m17:45:34.743216 [info ] [MainThread]: Required dependencies:
[0m17:45:34.743216 [debug] [MainThread]: Executing "git --help"
[0m17:45:34.782150 [debug] [MainThread]: STDOUT: "b"usage: git [-v | --version] [-h | --help] [-C <path>] [-c <name>=<value>]\n           [--exec-path[=<path>]] [--html-path] [--man-path] [--info-path]\n           [-p | --paginate | -P | --no-pager] [--no-replace-objects] [--no-lazy-fetch]\n           [--no-optional-locks] [--no-advice] [--bare] [--git-dir=<path>]\n           [--work-tree=<path>] [--namespace=<name>] [--config-env=<name>=<envvar>]\n           <command> [<args>]\n\nThese are common Git commands used in various situations:\n\nstart a working area (see also: git help tutorial)\n   clone      Clone a repository into a new directory\n   init       Create an empty Git repository or reinitialize an existing one\n\nwork on the current change (see also: git help everyday)\n   add        Add file contents to the index\n   mv         Move or rename a file, a directory, or a symlink\n   restore    Restore working tree files\n   rm         Remove files from the working tree and from the index\n\nexamine the history and state (see also: git help revisions)\n   bisect     Use binary search to find the commit that introduced a bug\n   diff       Show changes between commits, commit and working tree, etc\n   grep       Print lines matching a pattern\n   log        Show commit logs\n   show       Show various types of objects\n   status     Show the working tree status\n\ngrow, mark and tweak your common history\n   backfill   Download missing objects in a partial clone\n   branch     List, create, or delete branches\n   commit     Record changes to the repository\n   history    EXPERIMENTAL: Rewrite history\n   merge      Join two or more development histories together\n   rebase     Reapply commits on top of another base tip\n   reset      Set `HEAD` or the index to a known state\n   switch     Switch branches\n   tag        Create, list, delete or verify tags\n\ncollaborate (see also: git help workflows)\n   fetch      Download objects and refs from another repository\n   pull       Fetch from and integrate with another repository or a local branch\n   push       Update remote refs along with associated objects\n\n'git help -a' and 'git help -g' list available subcommands and some\nconcept guides. See 'git help <command>' or 'git help <concept>'\nto read about a specific subcommand or concept.\nSee 'git help git' for an overview of the system.\n""
[0m17:45:34.782150 [debug] [MainThread]: STDERR: "b''"
[0m17:45:34.782150 [info ] [MainThread]:  - git [[32mOK found[0m]

[0m17:45:34.782150 [info ] [MainThread]: Connection:
[0m17:45:34.782150 [info ] [MainThread]:   method: oauth
[0m17:45:34.782150 [info ] [MainThread]:   database: gbi-test
[0m17:45:34.782150 [info ] [MainThread]:   execution_project: gbi-test
[0m17:45:34.782150 [info ] [MainThread]:   schema: dbt_dev
[0m17:45:34.782150 [info ] [MainThread]:   location: US
[0m17:45:34.782150 [info ] [MainThread]:   priority: interactive
[0m17:45:34.782150 [info ] [MainThread]:   maximum_bytes_billed: None
[0m17:45:34.782150 [info ] [MainThread]:   impersonate_service_account: None
[0m17:45:34.782150 [info ] [MainThread]:   job_retry_deadline_seconds: None
[0m17:45:34.782150 [info ] [MainThread]:   job_retries: 1
[0m17:45:34.782150 [info ] [MainThread]:   job_creation_timeout_seconds: None
[0m17:45:34.782150 [info ] [MainThread]:   job_execution_timeout_seconds: 300
[0m17:45:34.782150 [info ] [MainThread]:   timeout_seconds: 300
[0m17:45:34.782150 [info ] [MainThread]:   client_id: None
[0m17:45:34.782150 [info ] [MainThread]:   token_uri: None
[0m17:45:34.782150 [info ] [MainThread]:   compute_region: None
[0m17:45:34.789424 [info ] [MainThread]:   dataproc_cluster_name: None
[0m17:45:34.789424 [info ] [MainThread]:   gcs_bucket: None
[0m17:45:34.789424 [info ] [MainThread]:   dataproc_batch: None
[0m17:45:34.790432 [info ] [MainThread]: Registered adapter: bigquery=1.11.3
[0m17:45:35.296645 [debug] [MainThread]: Acquiring new bigquery connection 'debug'
[0m17:45:35.296645 [debug] [MainThread]: On debug: select 1 as id
[0m17:45:35.296645 [debug] [MainThread]: Opening a new connection, currently in state init
[0m17:45:47.113136 [debug] [MainThread]: BigQuery adapter: Got an error when attempting to create a bigquery " "client: 'Runtime Error
  Failed to authenticate with supplied credentials
  error:
  Your default credentials were not found. To set up Application Default Credentials, see https://cloud.google.com/docs/authentication/external/set-up-adc for more information.'
[0m17:45:47.113136 [debug] [MainThread]: BigQuery adapter: Unhandled error while running:
select 1 as id
[0m17:45:47.113136 [debug] [MainThread]: BigQuery adapter: Database Error
  Runtime Error
    Failed to authenticate with supplied credentials
    error:
    Your default credentials were not found. To set up Application Default Credentials, see https://cloud.google.com/docs/authentication/external/set-up-adc for more information.
[0m17:45:47.113136 [info ] [MainThread]:   Connection test: [[31mERROR[0m]

[0m17:45:47.113136 [info ] [MainThread]: [31m1 check failed:[0m
[0m17:45:47.113136 [info ] [MainThread]: dbt was unable to connect to the specified database.
The database returned the following error:

  >'NoneType' object has no attribute 'close'

Check your database credentials and try again. For more information, visit:
https://docs.getdbt.com/docs/configure-your-profile


[0m17:45:47.113136 [debug] [MainThread]: Command `dbt debug` failed at 17:45:47.113136 after 14.87 seconds
[0m17:45:47.113136 [debug] [MainThread]: Sending event: {'category': 'dbt', 'action': 'invocation', 'label': 'end', 'context': [<snowplow_tracker.self_describing_json.SelfDescribingJson object at 0x000001FAC2A5BE30>, <snowplow_tracker.self_describing_json.SelfDescribingJson object at 0x000001FAD4E76270>, <snowplow_tracker.self_describing_json.SelfDescribingJson object at 0x000001FAD4D8FD70>]}
[0m17:45:47.113136 [debug] [MainThread]: Flushing usage events
[0m17:45:48.439003 [debug] [MainThread]: An error was encountered while trying to flush usage events
[0m17:49:07.189355 [debug] [MainThread]: Sending event: {'category': 'dbt', 'action': 'invocation', 'label': 'start', 'context': [<snowplow_tracker.self_describing_json.SelfDescribingJson object at 0x00000284FC94AED0>, <snowplow_tracker.self_describing_json.SelfDescribingJson object at 0x00000284F9B393A0>, <snowplow_tracker.self_describing_json.SelfDescribingJson object at 0x00000284FD9936B0>]}


============================== 17:49:07.194356 | 8773f35a-5725-4c22-954e-4d43190628ca ==============================
[0m17:49:07.194356 [info ] [MainThread]: Running with dbt=1.11.11
[0m17:49:07.194356 [debug] [MainThread]: running dbt with arguments {'version_check': 'True', 'no_print': 'None', 'static_parser': 'True', 'warn_error_options': 'WarnErrorOptionsV2(error=[], warn=[], silence=[])', 'target_path': 'None', 'printer_width': '80', 'write_json': 'True', 'empty': 'None', 'log_cache_events': 'False', 'introspect': 'True', 'cache_selected_only': 'False', 'fail_fast': 'False', 'debug': 'False', 'log_format': 'default', 'profiles_dir': 'C:\\Users\\newbi\\.dbt', 'send_anonymous_usage_stats': 'True', 'quiet': 'False', 'warn_error': 'None', 'partial_parse': 'True', 'indirect_selection': 'eager', 'use_colors': 'True', 'invocation_command': 'dbt debug --project-dir C:\\Users\\newbi\\Documents\\Local_Documents\\google-fiber-fcr-capstone-dbt\\dbt', 'use_experimental_parser': 'False', 'log_path': 'C:\\Users\\newbi\\Documents\\Local_Documents\\google-fiber-fcr-capstone-dbt\\dbt\\logs'}
[0m17:49:07.212246 [info ] [MainThread]: dbt version: 1.11.11
[0m17:49:07.212246 [info ] [MainThread]: python version: 3.12.9
[0m17:49:07.212246 [info ] [MainThread]: python path: C:\Users\newbi\AppData\Local\Programs\Python\Python312\python.exe
[0m17:49:07.212246 [info ] [MainThread]: os info: Windows-11-10.0.26200-SP0
[0m17:49:08.133407 [info ] [MainThread]: Using profiles dir at C:\Users\newbi\.dbt
[0m17:49:08.133407 [info ] [MainThread]: Using profiles.yml file at C:\Users\newbi\.dbt\profiles.yml
[0m17:49:08.133407 [info ] [MainThread]: Using dbt_project.yml file at C:\Users\newbi\Documents\Local_Documents\google-fiber-fcr-capstone-dbt\dbt\dbt_project.yml
[0m17:49:08.133407 [info ] [MainThread]: adapter type: bigquery
[0m17:49:08.133407 [info ] [MainThread]: adapter version: 1.11.3
[0m17:49:08.247474 [info ] [MainThread]: Configuration:
[0m17:49:08.248470 [info ] [MainThread]:   profiles.yml file [[32mOK found and valid[0m]
[0m17:49:08.249467 [info ] [MainThread]:   dbt_project.yml file [[32mOK found and valid[0m]
[0m17:49:08.249467 [info ] [MainThread]: Required dependencies:
[0m17:49:08.249467 [debug] [MainThread]: Executing "git --help"
[0m17:49:08.267241 [debug] [MainThread]: STDOUT: "b"usage: git [-v | --version] [-h | --help] [-C <path>] [-c <name>=<value>]\n           [--exec-path[=<path>]] [--html-path] [--man-path] [--info-path]\n           [-p | --paginate | -P | --no-pager] [--no-replace-objects] [--no-lazy-fetch]\n           [--no-optional-locks] [--no-advice] [--bare] [--git-dir=<path>]\n           [--work-tree=<path>] [--namespace=<name>] [--config-env=<name>=<envvar>]\n           <command> [<args>]\n\nThese are common Git commands used in various situations:\n\nstart a working area (see also: git help tutorial)\n   clone      Clone a repository into a new directory\n   init       Create an empty Git repository or reinitialize an existing one\n\nwork on the current change (see also: git help everyday)\n   add        Add file contents to the index\n   mv         Move or rename a file, a directory, or a symlink\n   restore    Restore working tree files\n   rm         Remove files from the working tree and from the index\n\nexamine the history and state (see also: git help revisions)\n   bisect     Use binary search to find the commit that introduced a bug\n   diff       Show changes between commits, commit and working tree, etc\n   grep       Print lines matching a pattern\n   log        Show commit logs\n   show       Show various types of objects\n   status     Show the working tree status\n\ngrow, mark and tweak your common history\n   backfill   Download missing objects in a partial clone\n   branch     List, create, or delete branches\n   commit     Record changes to the repository\n   history    EXPERIMENTAL: Rewrite history\n   merge      Join two or more development histories together\n   rebase     Reapply commits on top of another base tip\n   reset      Set `HEAD` or the index to a known state\n   switch     Switch branches\n   tag        Create, list, delete or verify tags\n\ncollaborate (see also: git help workflows)\n   fetch      Download objects and refs from another repository\n   pull       Fetch from and integrate with another repository or a local branch\n   push       Update remote refs along with associated objects\n\n'git help -a' and 'git help -g' list available subcommands and some\nconcept guides. See 'git help <command>' or 'git help <concept>'\nto read about a specific subcommand or concept.\nSee 'git help git' for an overview of the system.\n""
[0m17:49:08.267241 [debug] [MainThread]: STDERR: "b''"
[0m17:49:08.267241 [info ] [MainThread]:  - git [[32mOK found[0m]

[0m17:49:08.283246 [info ] [MainThread]: Connection:
[0m17:49:08.283939 [info ] [MainThread]:   method: oauth
[0m17:49:08.283939 [info ] [MainThread]:   database: gbi-test
[0m17:49:08.283939 [info ] [MainThread]:   execution_project: gbi-test
[0m17:49:08.284948 [info ] [MainThread]:   schema: dbt_dev
[0m17:49:08.284948 [info ] [MainThread]:   location: US
[0m17:49:08.285944 [info ] [MainThread]:   priority: interactive
[0m17:49:08.285944 [info ] [MainThread]:   maximum_bytes_billed: None
[0m17:49:08.285944 [info ] [MainThread]:   impersonate_service_account: None
[0m17:49:08.286949 [info ] [MainThread]:   job_retry_deadline_seconds: None
[0m17:49:08.286949 [info ] [MainThread]:   job_retries: 1
[0m17:49:08.286949 [info ] [MainThread]:   job_creation_timeout_seconds: None
[0m17:49:08.286949 [info ] [MainThread]:   job_execution_timeout_seconds: 300
[0m17:49:08.287946 [info ] [MainThread]:   timeout_seconds: 300
[0m17:49:08.287946 [info ] [MainThread]:   client_id: None
[0m17:49:08.287946 [info ] [MainThread]:   token_uri: None
[0m17:49:08.287946 [info ] [MainThread]:   compute_region: None
[0m17:49:08.287946 [info ] [MainThread]:   dataproc_cluster_name: None
[0m17:49:08.288946 [info ] [MainThread]:   gcs_bucket: None
[0m17:49:08.288946 [info ] [MainThread]:   dataproc_batch: None
[0m17:49:08.289946 [info ] [MainThread]: Registered adapter: bigquery=1.11.3
[0m17:49:08.663337 [debug] [MainThread]: Acquiring new bigquery connection 'debug'
[0m17:49:08.663337 [debug] [MainThread]: On debug: select 1 as id
[0m17:49:08.664345 [debug] [MainThread]: Opening a new connection, currently in state init
[0m17:49:20.668762 [debug] [MainThread]: BigQuery adapter: Got an error when attempting to create a bigquery " "client: 'Runtime Error
  Failed to authenticate with supplied credentials
  error:
  Your default credentials were not found. To set up Application Default Credentials, see https://cloud.google.com/docs/authentication/external/set-up-adc for more information.'
[0m17:49:20.668762 [debug] [MainThread]: BigQuery adapter: Unhandled error while running:
select 1 as id
[0m17:49:20.668762 [debug] [MainThread]: BigQuery adapter: Database Error
  Runtime Error
    Failed to authenticate with supplied credentials
    error:
    Your default credentials were not found. To set up Application Default Credentials, see https://cloud.google.com/docs/authentication/external/set-up-adc for more information.
[0m17:49:20.668762 [info ] [MainThread]:   Connection test: [[31mERROR[0m]

[0m17:49:20.668762 [info ] [MainThread]: [31m1 check failed:[0m
[0m17:49:20.668762 [info ] [MainThread]: dbt was unable to connect to the specified database.
The database returned the following error:

  >'NoneType' object has no attribute 'close'

Check your database credentials and try again. For more information, visit:
https://docs.getdbt.com/docs/configure-your-profile


[0m17:49:20.668762 [debug] [MainThread]: Command `dbt debug` failed at 17:49:20.668762 after 13.62 seconds
[0m17:49:20.668762 [debug] [MainThread]: Sending event: {'category': 'dbt', 'action': 'invocation', 'label': 'end', 'context': [<snowplow_tracker.self_describing_json.SelfDescribingJson object at 0x00000284FD909340>, <snowplow_tracker.self_describing_json.SelfDescribingJson object at 0x00000284FECA4950>, <snowplow_tracker.self_describing_json.SelfDescribingJson object at 0x0000028490933E30>]}
[0m17:49:20.668762 [debug] [MainThread]: Flushing usage events
[0m17:49:22.102499 [debug] [MainThread]: An error was encountered while trying to flush usage events
[0m18:02:25.366331 [debug] [MainThread]: Sending event: {'category': 'dbt', 'action': 'invocation', 'label': 'start', 'context': [<snowplow_tracker.self_describing_json.SelfDescribingJson object at 0x00000161590E82F0>, <snowplow_tracker.self_describing_json.SelfDescribingJson object at 0x00000161590E89E0>, <snowplow_tracker.self_describing_json.SelfDescribingJson object at 0x00000161590E8920>]}


============================== 18:02:25.371634 | c8d8d15e-b617-4536-a2fa-235c74924abf ==============================
[0m18:02:25.371634 [info ] [MainThread]: Running with dbt=1.11.11
[0m18:02:25.372633 [debug] [MainThread]: running dbt with arguments {'version_check': 'True', 'no_print': 'None', 'static_parser': 'True', 'warn_error_options': 'WarnErrorOptionsV2(error=[], warn=[], silence=[])', 'target_path': 'None', 'printer_width': '80', 'write_json': 'True', 'introspect': 'True', 'log_cache_events': 'False', 'empty': 'None', 'cache_selected_only': 'False', 'log_format': 'default', 'debug': 'False', 'fail_fast': 'False', 'partial_parse': 'True', 'send_anonymous_usage_stats': 'True', 'quiet': 'False', 'warn_error': 'None', 'profiles_dir': 'C:\\Users\\newbi\\.dbt', 'invocation_command': 'dbt debug', 'indirect_selection': 'eager', 'use_colors': 'True', 'use_experimental_parser': 'False', 'log_path': 'C:\\Users\\newbi\\Documents\\Local_Documents\\google-fiber-fcr-capstone-dbt\\dbt\\logs'}
[0m18:02:25.396803 [info ] [MainThread]: dbt version: 1.11.11
[0m18:02:25.396803 [info ] [MainThread]: python version: 3.12.9
[0m18:02:25.396803 [info ] [MainThread]: python path: C:\Users\newbi\AppData\Local\Programs\Python\Python312\python.exe
[0m18:02:25.402823 [info ] [MainThread]: os info: Windows-11-10.0.26200-SP0
[0m18:02:26.791942 [info ] [MainThread]: Using profiles dir at C:\Users\newbi\.dbt
[0m18:02:26.791942 [info ] [MainThread]: Using profiles.yml file at C:\Users\newbi\.dbt\profiles.yml
[0m18:02:26.791942 [info ] [MainThread]: Using dbt_project.yml file at C:\Users\newbi\Documents\Local_Documents\google-fiber-fcr-capstone-dbt\dbt\dbt_project.yml
[0m18:02:26.791942 [info ] [MainThread]: adapter type: bigquery
[0m18:02:26.791942 [info ] [MainThread]: adapter version: 1.11.3
[0m18:02:26.891828 [info ] [MainThread]: Configuration:
[0m18:02:26.891828 [info ] [MainThread]:   profiles.yml file [[32mOK found and valid[0m]
[0m18:02:26.891828 [info ] [MainThread]:   dbt_project.yml file [[32mOK found and valid[0m]
[0m18:02:26.891828 [info ] [MainThread]: Required dependencies:
[0m18:02:26.891828 [debug] [MainThread]: Executing "git --help"
[0m18:02:26.944464 [debug] [MainThread]: STDOUT: "b"usage: git [-v | --version] [-h | --help] [-C <path>] [-c <name>=<value>]\n           [--exec-path[=<path>]] [--html-path] [--man-path] [--info-path]\n           [-p | --paginate | -P | --no-pager] [--no-replace-objects] [--no-lazy-fetch]\n           [--no-optional-locks] [--no-advice] [--bare] [--git-dir=<path>]\n           [--work-tree=<path>] [--namespace=<name>] [--config-env=<name>=<envvar>]\n           <command> [<args>]\n\nThese are common Git commands used in various situations:\n\nstart a working area (see also: git help tutorial)\n   clone      Clone a repository into a new directory\n   init       Create an empty Git repository or reinitialize an existing one\n\nwork on the current change (see also: git help everyday)\n   add        Add file contents to the index\n   mv         Move or rename a file, a directory, or a symlink\n   restore    Restore working tree files\n   rm         Remove files from the working tree and from the index\n\nexamine the history and state (see also: git help revisions)\n   bisect     Use binary search to find the commit that introduced a bug\n   diff       Show changes between commits, commit and working tree, etc\n   grep       Print lines matching a pattern\n   log        Show commit logs\n   show       Show various types of objects\n   status     Show the working tree status\n\ngrow, mark and tweak your common history\n   backfill   Download missing objects in a partial clone\n   branch     List, create, or delete branches\n   commit     Record changes to the repository\n   history    EXPERIMENTAL: Rewrite history\n   merge      Join two or more development histories together\n   rebase     Reapply commits on top of another base tip\n   reset      Set `HEAD` or the index to a known state\n   switch     Switch branches\n   tag        Create, list, delete or verify tags\n\ncollaborate (see also: git help workflows)\n   fetch      Download objects and refs from another repository\n   pull       Fetch from and integrate with another repository or a local branch\n   push       Update remote refs along with associated objects\n\n'git help -a' and 'git help -g' list available subcommands and some\nconcept guides. See 'git help <command>' or 'git help <concept>'\nto read about a specific subcommand or concept.\nSee 'git help git' for an overview of the system.\n""
[0m18:02:26.944464 [debug] [MainThread]: STDERR: "b''"
[0m18:02:26.945462 [info ] [MainThread]:  - git [[32mOK found[0m]

[0m18:02:26.945462 [info ] [MainThread]: Connection:
[0m18:02:26.946465 [info ] [MainThread]:   method: service-account
[0m18:02:26.946465 [info ] [MainThread]:   database: gbi-test
[0m18:02:26.946465 [info ] [MainThread]:   execution_project: gbi-test
[0m18:02:26.947462 [info ] [MainThread]:   schema: fiber
[0m18:02:26.947462 [info ] [MainThread]:   location: US
[0m18:02:26.947462 [info ] [MainThread]:   priority: interactive
[0m18:02:26.948460 [info ] [MainThread]:   maximum_bytes_billed: None
[0m18:02:26.948460 [info ] [MainThread]:   impersonate_service_account: None
[0m18:02:26.948460 [info ] [MainThread]:   job_retry_deadline_seconds: None
[0m18:02:26.949462 [info ] [MainThread]:   job_retries: 1
[0m18:02:26.949783 [info ] [MainThread]:   job_creation_timeout_seconds: None
[0m18:02:26.949783 [info ] [MainThread]:   job_execution_timeout_seconds: 300
[0m18:02:26.951793 [info ] [MainThread]:   timeout_seconds: 300
[0m18:02:26.951793 [info ] [MainThread]:   client_id: None
[0m18:02:26.951793 [info ] [MainThread]:   token_uri: None
[0m18:02:26.951793 [info ] [MainThread]:   compute_region: None
[0m18:02:26.951793 [info ] [MainThread]:   dataproc_cluster_name: None
[0m18:02:26.951793 [info ] [MainThread]:   gcs_bucket: None
[0m18:02:26.951793 [info ] [MainThread]:   dataproc_batch: None
[0m18:02:26.951793 [info ] [MainThread]: Registered adapter: bigquery=1.11.3
[0m18:02:27.314959 [debug] [MainThread]: Acquiring new bigquery connection 'debug'
[0m18:02:27.314959 [debug] [MainThread]: On debug: select 1 as id
[0m18:02:27.314959 [debug] [MainThread]: Opening a new connection, currently in state init
[0m18:02:29.770609 [debug] [MainThread]: BigQuery adapter: https://console.cloud.google.com/bigquery?project=gbi-test&j=bq:US:5949109e-fc4c-40d7-9fd1-2b255ab6e46c&page=queryresults
[0m18:02:30.172216 [debug] [MainThread]: SQL status: OK in 0.403 seconds
[0m18:02:33.191005 [info ] [MainThread]:   Connection test: [[32mOK connection ok[0m]

[0m18:02:33.192913 [info ] [MainThread]: [32mAll checks passed![0m
[0m18:02:33.193904 [debug] [MainThread]: Command `dbt debug` succeeded at 18:02:33.193904 after 7.97 seconds
[0m18:02:33.194983 [debug] [MainThread]: Connection 'debug' was properly closed.
[0m18:02:33.194983 [debug] [MainThread]: Sending event: {'category': 'dbt', 'action': 'invocation', 'label': 'end', 'context': [<snowplow_tracker.self_describing_json.SelfDescribingJson object at 0x0000016157CDF620>, <snowplow_tracker.self_describing_json.SelfDescribingJson object at 0x00000161687249B0>, <snowplow_tracker.self_describing_json.SelfDescribingJson object at 0x0000016156CE7410>]}
[0m18:02:33.195978 [debug] [MainThread]: Flushing usage events
[0m18:02:34.491503 [debug] [MainThread]: An error was encountered while trying to flush usage events
[0m00:27:01.887706 [debug] [MainThread]: Sending event: {'category': 'dbt', 'action': 'invocation', 'label': 'start', 'context': [<snowplow_tracker.self_describing_json.SelfDescribingJson object at 0x000002A9B355BA70>, <snowplow_tracker.self_describing_json.SelfDescribingJson object at 0x000002A9B32691F0>, <snowplow_tracker.self_describing_json.SelfDescribingJson object at 0x000002A9B26C6180>]}


============================== 00:27:01.903132 | cde7d22e-06fd-4499-9ce7-857a54b64870 ==============================
[0m00:27:01.903132 [info ] [MainThread]: Running with dbt=1.11.11
[0m00:27:01.903132 [debug] [MainThread]: running dbt with arguments {'version_check': 'True', 'no_print': 'None', 'static_parser': 'True', 'target_path': 'None', 'warn_error_options': 'WarnErrorOptionsV2(error=[], warn=[], silence=[])', 'printer_width': '80', 'write_json': 'True', 'introspect': 'True', 'log_cache_events': 'False', 'empty': 'False', 'cache_selected_only': 'False', 'fail_fast': 'False', 'debug': 'False', 'log_format': 'default', 'partial_parse': 'True', 'send_anonymous_usage_stats': 'True', 'quiet': 'False', 'warn_error': 'None', 'profiles_dir': 'C:\\Users\\newbi\\.dbt', 'indirect_selection': 'eager', 'use_colors': 'True', 'invocation_command': 'dbt compile --select dq_summary_report', 'use_experimental_parser': 'False', 'log_path': 'C:\\Users\\newbi\\Documents\\Local_Documents\\google-fiber-fcr-capstone-dbt\\dbt\\logs'}
[0m00:27:05.179122 [debug] [MainThread]: Sending event: {'category': 'dbt', 'action': 'project_id', 'label': 'cde7d22e-06fd-4499-9ce7-857a54b64870', 'context': [<snowplow_tracker.self_describing_json.SelfDescribingJson object at 0x000002A9C510A780>]}
[0m00:27:05.246152 [debug] [MainThread]: Sending event: {'category': 'dbt', 'action': 'adapter_info', 'label': 'cde7d22e-06fd-4499-9ce7-857a54b64870', 'context': [<snowplow_tracker.self_describing_json.SelfDescribingJson object at 0x000002A9C58151F0>]}
[0m00:27:05.246152 [info ] [MainThread]: Registered adapter: bigquery=1.11.3
[0m00:27:05.747236 [debug] [MainThread]: checksum: 30a8cc8fdcbf66701b0944d4ccce3fa46dd04b61e5df68b9f16d57b2e0e3f0be, vars: {}, profile: , target: , version: 1.11.11
[0m00:27:05.747236 [info ] [MainThread]: Unable to do partial parsing because saved manifest not found. Starting full parse.
[0m00:27:05.749242 [debug] [MainThread]: Sending event: {'category': 'dbt', 'action': 'partial_parser', 'label': 'cde7d22e-06fd-4499-9ce7-857a54b64870', 'context': [<snowplow_tracker.self_describing_json.SelfDescribingJson object at 0x000002A9C593A1E0>]}
[0m00:27:08.861660 [debug] [MainThread]: Sending event: {'category': 'dbt', 'action': 'load_project', 'label': 'cde7d22e-06fd-4499-9ce7-857a54b64870', 'context': [<snowplow_tracker.self_describing_json.SelfDescribingJson object at 0x000002A9C70B2600>]}
[0m00:27:08.966348 [debug] [MainThread]: Wrote artifact WritableManifest to C:\Users\newbi\Documents\Local_Documents\google-fiber-fcr-capstone-dbt\dbt\target\manifest.json
[0m00:27:08.970183 [debug] [MainThread]: Wrote artifact SemanticManifest to C:\Users\newbi\Documents\Local_Documents\google-fiber-fcr-capstone-dbt\dbt\target\semantic_manifest.json
[0m00:27:09.001849 [debug] [MainThread]: Sending event: {'category': 'dbt', 'action': 'resource_counts', 'label': 'cde7d22e-06fd-4499-9ce7-857a54b64870', 'context': [<snowplow_tracker.self_describing_json.SelfDescribingJson object at 0x000002A9C5F9EC90>]}
[0m00:27:09.001849 [info ] [MainThread]: Found 4 models, 1 analysis, 39 data tests, 3 sources, 937 macros
[0m00:27:09.001849 [debug] [MainThread]: Sending event: {'category': 'dbt', 'action': 'runnable_timing', 'label': 'cde7d22e-06fd-4499-9ce7-857a54b64870', 'context': [<snowplow_tracker.self_describing_json.SelfDescribingJson object at 0x000002A9C5FE1430>]}
[0m00:27:09.005816 [info ] [MainThread]: 
[0m00:27:09.005816 [info ] [MainThread]: Concurrency: 4 threads (target='dev')
[0m00:27:09.005816 [info ] [MainThread]: 
[0m00:27:09.005816 [debug] [MainThread]: Acquiring new bigquery connection 'master'
[0m00:27:09.009829 [debug] [ThreadPool]: Acquiring new bigquery connection 'list_gbi-test_fiber'
[0m00:27:09.009829 [debug] [ThreadPool]: Opening a new connection, currently in state init
[0m00:27:10.414594 [debug] [MainThread]: Sending event: {'category': 'dbt', 'action': 'runnable_timing', 'label': 'cde7d22e-06fd-4499-9ce7-857a54b64870', 'context': [<snowplow_tracker.self_describing_json.SelfDescribingJson object at 0x000002A9C5F9EF30>]}
[0m00:27:10.414594 [debug] [MainThread]: Opening a new connection, currently in state init
[0m00:27:10.464721 [debug] [Thread-2 (]: Began running node analysis.google_fiber.dq_summary_report
[0m00:27:10.464721 [debug] [Thread-2 (]: Acquiring new bigquery connection 'analysis.google_fiber.dq_summary_report'
[0m00:27:10.464721 [debug] [Thread-2 (]: Began compiling node analysis.google_fiber.dq_summary_report
[0m00:27:10.464721 [debug] [Thread-2 (]: Writing injected SQL for node "analysis.google_fiber.dq_summary_report"
[0m00:27:10.481688 [debug] [Thread-2 (]: Began executing node analysis.google_fiber.dq_summary_report
[0m00:27:10.481688 [debug] [Thread-2 (]: Opening a new connection, currently in state init
[0m00:27:10.514526 [debug] [Thread-2 (]: Finished running node analysis.google_fiber.dq_summary_report
[0m00:27:10.514526 [debug] [MainThread]: Connection 'master' was properly closed.
[0m00:27:10.514526 [debug] [MainThread]: Connection 'list_gbi-test_fiber' was properly closed.
[0m00:27:10.514526 [debug] [MainThread]: Connection 'analysis.google_fiber.dq_summary_report' was properly closed.
[0m00:27:10.514526 [debug] [MainThread]: Command end result
[0m00:27:10.561751 [debug] [MainThread]: Wrote artifact WritableManifest to C:\Users\newbi\Documents\Local_Documents\google-fiber-fcr-capstone-dbt\dbt\target\manifest.json
[0m00:27:10.561751 [debug] [MainThread]: Wrote artifact SemanticManifest to C:\Users\newbi\Documents\Local_Documents\google-fiber-fcr-capstone-dbt\dbt\target\semantic_manifest.json
[0m00:27:10.561751 [debug] [MainThread]: Wrote artifact RunExecutionResult to C:\Users\newbi\Documents\Local_Documents\google-fiber-fcr-capstone-dbt\dbt\target\run_results.json
[0m00:27:10.561751 [info ] [MainThread]: Compiled node 'dq_summary_report' is:
-- dbt compile --select dq_summary_report
-- copy compiled SQL -> run on BigQuery Console



WITH base AS (
    SELECT * FROM `gbi-test`.`fiber`.`mart_fiber_fcr`
)

SELECT
    -- ── Row count ──────────────────────────────────────
    COUNT(*)                                    AS total_rows,

    -- ── NULL checks ────────────────────────────────────
    COUNTIF(date_created IS NULL)               AS null_date_created,
    COUNTIF(new_type IS NULL)                   AS null_new_type,
    COUNTIF(new_market IS NULL)                 AS null_new_market,
    COUNTIF(contacts_n IS NULL)                 AS null_contacts_n,

    -- ── Negative checks ────────────────────────────────
    COUNTIF(contacts_n < 0)                     AS neg_contacts_n,
    COUNTIF(contacts_n_1 < 0)                   AS neg_contacts_n_1,
    COUNTIF(contacts_n_2 < 0)                   AS neg_contacts_n_2,
    COUNTIF(contacts_n_3 < 0)                   AS neg_contacts_n_3,
    COUNTIF(contacts_n_4 < 0)                   AS neg_contacts_n_4,
    COUNTIF(contacts_n_5 < 0)                   AS neg_contacts_n_5,
    COUNTIF(contacts_n_6 < 0)                   AS neg_contacts_n_6,
    COUNTIF(contacts_n_7 < 0)                   AS neg_contacts_n_7,

    -- ── Date range ─────────────────────────────────────
    MIN(date_created)                           AS min_date,
    MAX(date_created)                           AS max_date,
    COUNT(DISTINCT date_created)                AS distinct_dates,

    -- ── Cardinality ────────────────────────────────────
    COUNT(DISTINCT new_type)                    AS distinct_types,
    COUNT(DISTINCT new_market)                  AS distinct_markets,

    -- ── Future date check ──────────────────────────────
    COUNTIF(date_created > CURRENT_DATE())      AS future_dates,

    -- ── Metadata ───────────────────────────────────────
    CURRENT_TIMESTAMP()                         AS report_generated_at

FROM base


[0m00:27:10.561751 [debug] [MainThread]: Command `dbt compile` succeeded at 00:27:10.561751 after 8.79 seconds
[0m00:27:10.561751 [debug] [MainThread]: Sending event: {'category': 'dbt', 'action': 'invocation', 'label': 'end', 'context': [<snowplow_tracker.self_describing_json.SelfDescribingJson object at 0x000002A9AF628680>, <snowplow_tracker.self_describing_json.SelfDescribingJson object at 0x000002A9B26AB200>, <snowplow_tracker.self_describing_json.SelfDescribingJson object at 0x000002A9B26AB080>]}
[0m00:27:10.561751 [debug] [MainThread]: Flushing usage events
[0m00:27:11.846817 [debug] [MainThread]: An error was encountered while trying to flush usage events
[0m09:34:15.893138 [debug] [MainThread]: Sending event: {'category': 'dbt', 'action': 'invocation', 'label': 'start', 'context': [<snowplow_tracker.self_describing_json.SelfDescribingJson object at 0x0000013CDDA15EE0>, <snowplow_tracker.self_describing_json.SelfDescribingJson object at 0x0000013CDDA16720>, <snowplow_tracker.self_describing_json.SelfDescribingJson object at 0x0000013CDDA16090>]}


============================== 09:34:15.898374 | 3c0151eb-3f4d-4ac9-b026-33ab151d5a2a ==============================
[0m09:34:15.898374 [info ] [MainThread]: Running with dbt=1.11.11
[0m09:34:15.898374 [debug] [MainThread]: running dbt with arguments {'version_check': 'True', 'no_print': 'None', 'static_parser': 'True', 'target_path': 'None', 'warn_error_options': 'WarnErrorOptionsV2(error=[], warn=[], silence=[])', 'printer_width': '80', 'write_json': 'True', 'empty': 'None', 'log_cache_events': 'False', 'introspect': 'True', 'cache_selected_only': 'False', 'fail_fast': 'False', 'debug': 'False', 'log_format': 'default', 'profiles_dir': 'C:\\Users\\newbi\\.dbt', 'send_anonymous_usage_stats': 'True', 'quiet': 'False', 'warn_error': 'None', 'partial_parse': 'True', 'use_colors': 'True', 'invocation_command': 'dbt docs generate', 'indirect_selection': 'eager', 'use_experimental_parser': 'False', 'log_path': 'C:\\Users\\newbi\\Documents\\Local_Documents\\google-fiber-fcr-capstone-dbt\\dbt\\logs'}
[0m09:34:20.581753 [debug] [MainThread]: Sending event: {'category': 'dbt', 'action': 'project_id', 'label': '3c0151eb-3f4d-4ac9-b026-33ab151d5a2a', 'context': [<snowplow_tracker.self_describing_json.SelfDescribingJson object at 0x0000013CDA445640>]}
[0m09:34:20.644655 [debug] [MainThread]: Sending event: {'category': 'dbt', 'action': 'adapter_info', 'label': '3c0151eb-3f4d-4ac9-b026-33ab151d5a2a', 'context': [<snowplow_tracker.self_describing_json.SelfDescribingJson object at 0x0000013CEF414A10>]}
[0m09:34:20.644655 [info ] [MainThread]: Registered adapter: bigquery=1.11.3
[0m09:34:21.660952 [debug] [MainThread]: checksum: 30a8cc8fdcbf66701b0944d4ccce3fa46dd04b61e5df68b9f16d57b2e0e3f0be, vars: {}, profile: , target: , version: 1.11.11
[0m09:34:30.185990 [debug] [MainThread]: Partial parsing enabled: 0 files deleted, 0 files added, 1 files changed.
[0m09:34:30.185990 [debug] [MainThread]: Partial parsing: updated file: google_fiber://macros\generate_dq_summary.sql
[0m09:34:30.455101 [debug] [MainThread]: Sending event: {'category': 'dbt', 'action': 'load_project', 'label': '3c0151eb-3f4d-4ac9-b026-33ab151d5a2a', 'context': [<snowplow_tracker.self_describing_json.SelfDescribingJson object at 0x0000013CEFC65760>]}
[0m09:34:30.500588 [debug] [MainThread]: Sending event: {'category': 'dbt', 'action': 'resource_counts', 'label': '3c0151eb-3f4d-4ac9-b026-33ab151d5a2a', 'context': [<snowplow_tracker.self_describing_json.SelfDescribingJson object at 0x0000013CF02BB5F0>]}
[0m09:34:30.502595 [info ] [MainThread]: Found 4 models, 39 data tests, 1 analysis, 3 sources, 937 macros
[0m09:34:30.502595 [debug] [MainThread]: Sending event: {'category': 'dbt', 'action': 'runnable_timing', 'label': '3c0151eb-3f4d-4ac9-b026-33ab151d5a2a', 'context': [<snowplow_tracker.self_describing_json.SelfDescribingJson object at 0x0000013CF00D6D20>]}
[0m09:34:30.506713 [info ] [MainThread]: 
[0m09:34:30.506713 [info ] [MainThread]: Concurrency: 4 threads (target='dev')
[0m09:34:30.506713 [info ] [MainThread]: 
[0m09:34:30.506713 [debug] [MainThread]: Acquiring new bigquery connection 'master'
[0m09:34:30.506713 [debug] [ThreadPool]: Acquiring new bigquery connection 'list_gbi-test_fiber'
[0m09:34:30.506713 [debug] [ThreadPool]: Opening a new connection, currently in state init
[0m09:34:32.671088 [debug] [MainThread]: Sending event: {'category': 'dbt', 'action': 'runnable_timing', 'label': '3c0151eb-3f4d-4ac9-b026-33ab151d5a2a', 'context': [<snowplow_tracker.self_describing_json.SelfDescribingJson object at 0x0000013CEF4AB680>]}
[0m09:34:32.687159 [debug] [MainThread]: Opening a new connection, currently in state init
[0m09:34:32.750529 [debug] [Thread-2 (]: Began running node model.google_fiber.stg_market_1
[0m09:34:32.750529 [debug] [Thread-2 (]: Acquiring new bigquery connection 'model.google_fiber.stg_market_1'
[0m09:34:32.750529 [debug] [Thread-2 (]: Began compiling node model.google_fiber.stg_market_1
[0m09:34:32.750529 [debug] [Thread-2 (]: Writing injected SQL for node "model.google_fiber.stg_market_1"
[0m09:34:32.750529 [debug] [Thread-3 (]: Began running node model.google_fiber.stg_market_2
[0m09:34:32.750529 [debug] [Thread-3 (]: Acquiring new bigquery connection 'model.google_fiber.stg_market_2'
[0m09:34:32.750529 [debug] [Thread-3 (]: Began compiling node model.google_fiber.stg_market_2
[0m09:34:32.766513 [debug] [Thread-4 (]: Began running node model.google_fiber.stg_market_3
[0m09:34:32.766513 [debug] [Thread-3 (]: Writing injected SQL for node "model.google_fiber.stg_market_2"
[0m09:34:32.766513 [debug] [Thread-4 (]: Acquiring new bigquery connection 'model.google_fiber.stg_market_3'
[0m09:34:32.766513 [debug] [Thread-4 (]: Began compiling node model.google_fiber.stg_market_3
[0m09:34:32.772556 [debug] [Thread-4 (]: Writing injected SQL for node "model.google_fiber.stg_market_3"
[0m09:34:32.775774 [debug] [Thread-4 (]: Began executing node model.google_fiber.stg_market_3
[0m09:34:32.775774 [debug] [Thread-2 (]: Began executing node model.google_fiber.stg_market_1
[0m09:34:32.775774 [debug] [Thread-4 (]: Opening a new connection, currently in state init
[0m09:34:32.775774 [debug] [Thread-2 (]: Opening a new connection, currently in state init
[0m09:34:32.775774 [debug] [Thread-3 (]: Began executing node model.google_fiber.stg_market_2
[0m09:34:32.775774 [debug] [Thread-3 (]: Opening a new connection, currently in state init
[0m09:34:32.862023 [debug] [Thread-2 (]: Finished running node model.google_fiber.stg_market_1
[0m09:34:32.862023 [debug] [Thread-4 (]: Finished running node model.google_fiber.stg_market_3
[0m09:34:32.862023 [debug] [Thread-5 (]: Began running node test.google_fiber.dbt_utils_expression_is_true_stg_market_1_contacts_n___0.30f91f99d2
[0m09:34:32.862023 [debug] [Thread-5 (]: Acquiring new bigquery connection 'test.google_fiber.dbt_utils_expression_is_true_stg_market_1_contacts_n___0.30f91f99d2'
[0m09:34:32.862023 [debug] [Thread-2 (]: Began running node test.google_fiber.not_null_stg_market_1_contacts_n.9230153d9e
[0m09:34:32.862023 [debug] [Thread-5 (]: Began compiling node test.google_fiber.dbt_utils_expression_is_true_stg_market_1_contacts_n___0.30f91f99d2
[0m09:34:32.862023 [debug] [Thread-4 (]: Began running node test.google_fiber.not_null_stg_market_1_date_created.0b368dc9bf
[0m09:34:32.909753 [debug] [Thread-2 (]: Re-using an available connection from the pool (formerly model.google_fiber.stg_market_1, now test.google_fiber.not_null_stg_market_1_contacts_n.9230153d9e)
[0m09:34:32.909753 [debug] [Thread-3 (]: Finished running node model.google_fiber.stg_market_2
[0m09:34:32.925608 [debug] [Thread-5 (]: Writing injected SQL for node "test.google_fiber.dbt_utils_expression_is_true_stg_market_1_contacts_n___0.30f91f99d2"
[0m09:34:32.925608 [debug] [Thread-4 (]: Re-using an available connection from the pool (formerly model.google_fiber.stg_market_3, now test.google_fiber.not_null_stg_market_1_date_created.0b368dc9bf)
[0m09:34:32.925608 [debug] [Thread-2 (]: Began compiling node test.google_fiber.not_null_stg_market_1_contacts_n.9230153d9e
[0m09:34:32.925608 [debug] [Thread-3 (]: Began running node test.google_fiber.not_null_stg_market_1_new_market.819377fe1e
[0m09:34:32.925608 [debug] [Thread-4 (]: Began compiling node test.google_fiber.not_null_stg_market_1_date_created.0b368dc9bf
[0m09:34:32.925608 [debug] [Thread-2 (]: Writing injected SQL for node "test.google_fiber.not_null_stg_market_1_contacts_n.9230153d9e"
[0m09:34:32.925608 [debug] [Thread-3 (]: Re-using an available connection from the pool (formerly model.google_fiber.stg_market_2, now test.google_fiber.not_null_stg_market_1_new_market.819377fe1e)
[0m09:34:32.925608 [debug] [Thread-4 (]: Writing injected SQL for node "test.google_fiber.not_null_stg_market_1_date_created.0b368dc9bf"
[0m09:34:32.925608 [debug] [Thread-3 (]: Began compiling node test.google_fiber.not_null_stg_market_1_new_market.819377fe1e
[0m09:34:32.941456 [debug] [Thread-3 (]: Writing injected SQL for node "test.google_fiber.not_null_stg_market_1_new_market.819377fe1e"
[0m09:34:32.941456 [debug] [Thread-2 (]: Began executing node test.google_fiber.not_null_stg_market_1_contacts_n.9230153d9e
[0m09:34:32.941456 [debug] [Thread-2 (]: Opening a new connection, currently in state closed
[0m09:34:32.941456 [debug] [Thread-5 (]: Began executing node test.google_fiber.dbt_utils_expression_is_true_stg_market_1_contacts_n___0.30f91f99d2
[0m09:34:32.941456 [debug] [Thread-5 (]: Opening a new connection, currently in state init
[0m09:34:32.941456 [debug] [Thread-3 (]: Began executing node test.google_fiber.not_null_stg_market_1_new_market.819377fe1e
[0m09:34:32.941456 [debug] [Thread-3 (]: Opening a new connection, currently in state closed
[0m09:34:32.941456 [debug] [Thread-4 (]: Began executing node test.google_fiber.not_null_stg_market_1_date_created.0b368dc9bf
[0m09:34:32.941456 [debug] [Thread-4 (]: Opening a new connection, currently in state closed
[0m09:34:33.081779 [debug] [Thread-2 (]: Finished running node test.google_fiber.not_null_stg_market_1_contacts_n.9230153d9e
[0m09:34:33.083528 [debug] [Thread-2 (]: Began running node test.google_fiber.not_null_stg_market_1_new_type.ef1c422aa5
[0m09:34:33.083528 [debug] [Thread-2 (]: Re-using an available connection from the pool (formerly test.google_fiber.not_null_stg_market_1_contacts_n.9230153d9e, now test.google_fiber.not_null_stg_market_1_new_type.ef1c422aa5)
[0m09:34:33.083528 [debug] [Thread-2 (]: Began compiling node test.google_fiber.not_null_stg_market_1_new_type.ef1c422aa5
[0m09:34:33.089549 [debug] [Thread-2 (]: Writing injected SQL for node "test.google_fiber.not_null_stg_market_1_new_type.ef1c422aa5"
[0m09:34:33.089549 [debug] [Thread-3 (]: Finished running node test.google_fiber.not_null_stg_market_1_new_market.819377fe1e
[0m09:34:33.089549 [debug] [Thread-3 (]: Began running node test.google_fiber.dbt_utils_expression_is_true_stg_market_3_contacts_n___0.07f8f285ec
[0m09:34:33.089549 [debug] [Thread-3 (]: Re-using an available connection from the pool (formerly test.google_fiber.not_null_stg_market_1_new_market.819377fe1e, now test.google_fiber.dbt_utils_expression_is_true_stg_market_3_contacts_n___0.07f8f285ec)
[0m09:34:33.089549 [debug] [Thread-3 (]: Began compiling node test.google_fiber.dbt_utils_expression_is_true_stg_market_3_contacts_n___0.07f8f285ec
[0m09:34:33.089549 [debug] [Thread-3 (]: Writing injected SQL for node "test.google_fiber.dbt_utils_expression_is_true_stg_market_3_contacts_n___0.07f8f285ec"
[0m09:34:33.099478 [debug] [Thread-5 (]: Finished running node test.google_fiber.dbt_utils_expression_is_true_stg_market_1_contacts_n___0.30f91f99d2
[0m09:34:33.099478 [debug] [Thread-5 (]: Began running node test.google_fiber.not_null_stg_market_3_contacts_n.1758f1585f
[0m09:34:33.099478 [debug] [Thread-5 (]: Re-using an available connection from the pool (formerly test.google_fiber.dbt_utils_expression_is_true_stg_market_1_contacts_n___0.30f91f99d2, now test.google_fiber.not_null_stg_market_3_contacts_n.1758f1585f)
[0m09:34:33.099478 [debug] [Thread-5 (]: Began compiling node test.google_fiber.not_null_stg_market_3_contacts_n.1758f1585f
[0m09:34:33.105504 [debug] [Thread-5 (]: Writing injected SQL for node "test.google_fiber.not_null_stg_market_3_contacts_n.1758f1585f"
[0m09:34:33.147472 [debug] [Thread-3 (]: Began executing node test.google_fiber.dbt_utils_expression_is_true_stg_market_3_contacts_n___0.07f8f285ec
[0m09:34:33.147472 [debug] [Thread-3 (]: Opening a new connection, currently in state closed
[0m09:34:33.147472 [debug] [Thread-2 (]: Began executing node test.google_fiber.not_null_stg_market_1_new_type.ef1c422aa5
[0m09:34:33.147472 [debug] [Thread-5 (]: Began executing node test.google_fiber.not_null_stg_market_3_contacts_n.1758f1585f
[0m09:34:33.147472 [debug] [Thread-2 (]: Opening a new connection, currently in state closed
[0m09:34:33.147472 [debug] [Thread-4 (]: Finished running node test.google_fiber.not_null_stg_market_1_date_created.0b368dc9bf
[0m09:34:33.147472 [debug] [Thread-5 (]: Opening a new connection, currently in state closed
[0m09:34:33.195364 [debug] [Thread-4 (]: Began running node test.google_fiber.not_null_stg_market_3_date_created.918f10c7f5
[0m09:34:33.195364 [debug] [Thread-3 (]: Finished running node test.google_fiber.dbt_utils_expression_is_true_stg_market_3_contacts_n___0.07f8f285ec
[0m09:34:33.195364 [debug] [Thread-4 (]: Re-using an available connection from the pool (formerly test.google_fiber.not_null_stg_market_1_date_created.0b368dc9bf, now test.google_fiber.not_null_stg_market_3_date_created.918f10c7f5)
[0m09:34:33.274452 [debug] [Thread-5 (]: Finished running node test.google_fiber.not_null_stg_market_3_contacts_n.1758f1585f
[0m09:34:33.274452 [debug] [Thread-3 (]: Began running node test.google_fiber.not_null_stg_market_3_new_market.3c6d8d9cc1
[0m09:34:33.274452 [debug] [Thread-2 (]: Finished running node test.google_fiber.not_null_stg_market_1_new_type.ef1c422aa5
[0m09:34:33.274452 [debug] [Thread-4 (]: Began compiling node test.google_fiber.not_null_stg_market_3_date_created.918f10c7f5
[0m09:34:33.274452 [debug] [Thread-5 (]: Began running node test.google_fiber.not_null_stg_market_3_new_type.ed970cb33d
[0m09:34:33.290156 [debug] [Thread-3 (]: Re-using an available connection from the pool (formerly test.google_fiber.dbt_utils_expression_is_true_stg_market_3_contacts_n___0.07f8f285ec, now test.google_fiber.not_null_stg_market_3_new_market.3c6d8d9cc1)
[0m09:34:33.290156 [debug] [Thread-2 (]: Began running node model.google_fiber.mart_fiber_fcr
[0m09:34:33.290156 [debug] [Thread-4 (]: Writing injected SQL for node "test.google_fiber.not_null_stg_market_3_date_created.918f10c7f5"
[0m09:34:33.290156 [debug] [Thread-5 (]: Re-using an available connection from the pool (formerly test.google_fiber.not_null_stg_market_3_contacts_n.1758f1585f, now test.google_fiber.not_null_stg_market_3_new_type.ed970cb33d)
[0m09:34:33.290156 [debug] [Thread-3 (]: Began compiling node test.google_fiber.not_null_stg_market_3_new_market.3c6d8d9cc1
[0m09:34:33.290156 [debug] [Thread-2 (]: Re-using an available connection from the pool (formerly test.google_fiber.not_null_stg_market_1_new_type.ef1c422aa5, now model.google_fiber.mart_fiber_fcr)
[0m09:34:33.290156 [debug] [Thread-5 (]: Began compiling node test.google_fiber.not_null_stg_market_3_new_type.ed970cb33d
[0m09:34:33.290156 [debug] [Thread-3 (]: Writing injected SQL for node "test.google_fiber.not_null_stg_market_3_new_market.3c6d8d9cc1"
[0m09:34:33.290156 [debug] [Thread-2 (]: Began compiling node model.google_fiber.mart_fiber_fcr
[0m09:34:33.306263 [debug] [Thread-5 (]: Writing injected SQL for node "test.google_fiber.not_null_stg_market_3_new_type.ed970cb33d"
[0m09:34:33.306263 [debug] [Thread-2 (]: Writing injected SQL for node "model.google_fiber.mart_fiber_fcr"
[0m09:34:33.306263 [debug] [Thread-4 (]: Began executing node test.google_fiber.not_null_stg_market_3_date_created.918f10c7f5
[0m09:34:33.322986 [debug] [Thread-4 (]: Opening a new connection, currently in state closed
[0m09:34:33.353269 [debug] [Thread-5 (]: Began executing node test.google_fiber.not_null_stg_market_3_new_type.ed970cb33d
[0m09:34:33.353269 [debug] [Thread-3 (]: Began executing node test.google_fiber.not_null_stg_market_3_new_market.3c6d8d9cc1
[0m09:34:33.353269 [debug] [Thread-5 (]: Opening a new connection, currently in state closed
[0m09:34:33.353269 [debug] [Thread-4 (]: Finished running node test.google_fiber.not_null_stg_market_3_date_created.918f10c7f5
[0m09:34:33.353269 [debug] [Thread-3 (]: Opening a new connection, currently in state closed
[0m09:34:33.353269 [debug] [Thread-2 (]: Began executing node model.google_fiber.mart_fiber_fcr
[0m09:34:33.353269 [debug] [Thread-4 (]: Began running node test.google_fiber.dbt_utils_expression_is_true_stg_market_2_contacts_n___0.0b21f12e45
[0m09:34:33.369065 [debug] [Thread-2 (]: Opening a new connection, currently in state closed
[0m09:34:33.369065 [debug] [Thread-4 (]: Re-using an available connection from the pool (formerly test.google_fiber.not_null_stg_market_3_date_created.918f10c7f5, now test.google_fiber.dbt_utils_expression_is_true_stg_market_2_contacts_n___0.0b21f12e45)
[0m09:34:33.448344 [debug] [Thread-4 (]: Began compiling node test.google_fiber.dbt_utils_expression_is_true_stg_market_2_contacts_n___0.0b21f12e45
[0m09:34:33.448344 [debug] [Thread-5 (]: Finished running node test.google_fiber.not_null_stg_market_3_new_type.ed970cb33d
[0m09:34:33.448344 [debug] [Thread-3 (]: Finished running node test.google_fiber.not_null_stg_market_3_new_market.3c6d8d9cc1
[0m09:34:33.448344 [debug] [Thread-4 (]: Writing injected SQL for node "test.google_fiber.dbt_utils_expression_is_true_stg_market_2_contacts_n___0.0b21f12e45"
[0m09:34:33.496528 [debug] [Thread-5 (]: Began running node test.google_fiber.not_null_stg_market_2_contacts_n.05421176c1
[0m09:34:33.496528 [debug] [Thread-3 (]: Began running node test.google_fiber.not_null_stg_market_2_date_created.e43a54f190
[0m09:34:33.512240 [debug] [Thread-2 (]: Finished running node model.google_fiber.mart_fiber_fcr
[0m09:34:33.512240 [debug] [Thread-5 (]: Re-using an available connection from the pool (formerly test.google_fiber.not_null_stg_market_3_new_type.ed970cb33d, now test.google_fiber.not_null_stg_market_2_contacts_n.05421176c1)
[0m09:34:33.512240 [debug] [Thread-3 (]: Re-using an available connection from the pool (formerly test.google_fiber.not_null_stg_market_3_new_market.3c6d8d9cc1, now test.google_fiber.not_null_stg_market_2_date_created.e43a54f190)
[0m09:34:33.514155 [debug] [Thread-2 (]: Began running node test.google_fiber.not_null_stg_market_2_new_market.4d0b681bb5
[0m09:34:33.514155 [debug] [Thread-5 (]: Began compiling node test.google_fiber.not_null_stg_market_2_contacts_n.05421176c1
[0m09:34:33.514155 [debug] [Thread-3 (]: Began compiling node test.google_fiber.not_null_stg_market_2_date_created.e43a54f190
[0m09:34:33.514155 [debug] [Thread-2 (]: Re-using an available connection from the pool (formerly model.google_fiber.mart_fiber_fcr, now test.google_fiber.not_null_stg_market_2_new_market.4d0b681bb5)
[0m09:34:33.521031 [debug] [Thread-5 (]: Writing injected SQL for node "test.google_fiber.not_null_stg_market_2_contacts_n.05421176c1"
[0m09:34:33.521031 [debug] [Thread-4 (]: Began executing node test.google_fiber.dbt_utils_expression_is_true_stg_market_2_contacts_n___0.0b21f12e45
[0m09:34:33.527953 [debug] [Thread-2 (]: Began compiling node test.google_fiber.not_null_stg_market_2_new_market.4d0b681bb5
[0m09:34:33.526204 [debug] [Thread-3 (]: Writing injected SQL for node "test.google_fiber.not_null_stg_market_2_date_created.e43a54f190"
[0m09:34:33.527953 [debug] [Thread-4 (]: Opening a new connection, currently in state closed
[0m09:34:33.527953 [debug] [Thread-2 (]: Writing injected SQL for node "test.google_fiber.not_null_stg_market_2_new_market.4d0b681bb5"
[0m09:34:33.575615 [debug] [Thread-4 (]: Finished running node test.google_fiber.dbt_utils_expression_is_true_stg_market_2_contacts_n___0.0b21f12e45
[0m09:34:33.575615 [debug] [Thread-4 (]: Began running node test.google_fiber.not_null_stg_market_2_new_type.3c72971987
[0m09:34:33.577623 [debug] [Thread-3 (]: Began executing node test.google_fiber.not_null_stg_market_2_date_created.e43a54f190
[0m09:34:33.577623 [debug] [Thread-2 (]: Began executing node test.google_fiber.not_null_stg_market_2_new_market.4d0b681bb5
[0m09:34:33.577623 [debug] [Thread-4 (]: Re-using an available connection from the pool (formerly test.google_fiber.dbt_utils_expression_is_true_stg_market_2_contacts_n___0.0b21f12e45, now test.google_fiber.not_null_stg_market_2_new_type.3c72971987)
[0m09:34:33.577623 [debug] [Thread-5 (]: Began executing node test.google_fiber.not_null_stg_market_2_contacts_n.05421176c1
[0m09:34:33.577623 [debug] [Thread-3 (]: Opening a new connection, currently in state closed
[0m09:34:33.577623 [debug] [Thread-2 (]: Opening a new connection, currently in state closed
[0m09:34:33.580499 [debug] [Thread-4 (]: Began compiling node test.google_fiber.not_null_stg_market_2_new_type.3c72971987
[0m09:34:33.580499 [debug] [Thread-5 (]: Opening a new connection, currently in state closed
[0m09:34:33.580499 [debug] [Thread-4 (]: Writing injected SQL for node "test.google_fiber.not_null_stg_market_2_new_type.3c72971987"
[0m09:34:33.670695 [debug] [Thread-2 (]: Finished running node test.google_fiber.not_null_stg_market_2_new_market.4d0b681bb5
[0m09:34:33.670695 [debug] [Thread-2 (]: Began running node analysis.google_fiber.dq_summary_report
[0m09:34:33.654932 [debug] [Thread-3 (]: Finished running node test.google_fiber.not_null_stg_market_2_date_created.e43a54f190
[0m09:34:33.670695 [debug] [Thread-2 (]: Re-using an available connection from the pool (formerly test.google_fiber.not_null_stg_market_2_new_market.4d0b681bb5, now analysis.google_fiber.dq_summary_report)
[0m09:34:33.702668 [debug] [Thread-3 (]: Began running node test.google_fiber.accepted_values_mart_fiber_fcr_new_market__True__MARKET_1__MARKET_2__MARKET_3.f81a45d4c1
[0m09:34:33.702668 [debug] [Thread-4 (]: Began executing node test.google_fiber.not_null_stg_market_2_new_type.3c72971987
[0m09:34:33.702668 [debug] [Thread-5 (]: Finished running node test.google_fiber.not_null_stg_market_2_contacts_n.05421176c1
[0m09:34:33.702668 [debug] [Thread-2 (]: Began compiling node analysis.google_fiber.dq_summary_report
[0m09:34:33.702668 [debug] [Thread-3 (]: Re-using an available connection from the pool (formerly test.google_fiber.not_null_stg_market_2_date_created.e43a54f190, now test.google_fiber.accepted_values_mart_fiber_fcr_new_market__True__MARKET_1__MARKET_2__MARKET_3.f81a45d4c1)
[0m09:34:33.717456 [debug] [Thread-4 (]: Opening a new connection, currently in state closed
[0m09:34:33.717456 [debug] [Thread-5 (]: Began running node test.google_fiber.accepted_values_mart_fiber_fcr_new_type__True__TYPE_1__TYPE_2__TYPE_3__TYPE_4__TYPE_5.5922be36aa
[0m09:34:33.722487 [debug] [Thread-2 (]: Writing injected SQL for node "analysis.google_fiber.dq_summary_report"
[0m09:34:33.722487 [debug] [Thread-3 (]: Began compiling node test.google_fiber.accepted_values_mart_fiber_fcr_new_market__True__MARKET_1__MARKET_2__MARKET_3.f81a45d4c1
[0m09:34:33.722487 [debug] [Thread-5 (]: Re-using an available connection from the pool (formerly test.google_fiber.not_null_stg_market_2_contacts_n.05421176c1, now test.google_fiber.accepted_values_mart_fiber_fcr_new_type__True__TYPE_1__TYPE_2__TYPE_3__TYPE_4__TYPE_5.5922be36aa)
[0m09:34:33.734260 [debug] [Thread-3 (]: Writing injected SQL for node "test.google_fiber.accepted_values_mart_fiber_fcr_new_market__True__MARKET_1__MARKET_2__MARKET_3.f81a45d4c1"
[0m09:34:33.734260 [debug] [Thread-5 (]: Began compiling node test.google_fiber.accepted_values_mart_fiber_fcr_new_type__True__TYPE_1__TYPE_2__TYPE_3__TYPE_4__TYPE_5.5922be36aa
[0m09:34:33.792967 [debug] [Thread-5 (]: Writing injected SQL for node "test.google_fiber.accepted_values_mart_fiber_fcr_new_type__True__TYPE_1__TYPE_2__TYPE_3__TYPE_4__TYPE_5.5922be36aa"
[0m09:34:33.792967 [debug] [Thread-4 (]: Finished running node test.google_fiber.not_null_stg_market_2_new_type.3c72971987
[0m09:34:33.792967 [debug] [Thread-2 (]: Began executing node analysis.google_fiber.dq_summary_report
[0m09:34:33.792967 [debug] [Thread-4 (]: Began running node test.google_fiber.dbt_utils_expression_is_true_mart_fiber_fcr_contacts_n_1___0.f2518d2b19
[0m09:34:33.792967 [debug] [Thread-2 (]: Opening a new connection, currently in state closed
[0m09:34:33.798078 [debug] [Thread-3 (]: Began executing node test.google_fiber.accepted_values_mart_fiber_fcr_new_market__True__MARKET_1__MARKET_2__MARKET_3.f81a45d4c1
[0m09:34:33.798078 [debug] [Thread-4 (]: Re-using an available connection from the pool (formerly test.google_fiber.not_null_stg_market_2_new_type.3c72971987, now test.google_fiber.dbt_utils_expression_is_true_mart_fiber_fcr_contacts_n_1___0.f2518d2b19)
[0m09:34:33.798078 [debug] [Thread-3 (]: Opening a new connection, currently in state closed
[0m09:34:33.798078 [debug] [Thread-5 (]: Began executing node test.google_fiber.accepted_values_mart_fiber_fcr_new_type__True__TYPE_1__TYPE_2__TYPE_3__TYPE_4__TYPE_5.5922be36aa
[0m09:34:33.798078 [debug] [Thread-4 (]: Began compiling node test.google_fiber.dbt_utils_expression_is_true_mart_fiber_fcr_contacts_n_1___0.f2518d2b19
[0m09:34:33.830101 [debug] [Thread-5 (]: Opening a new connection, currently in state closed
[0m09:34:33.830101 [debug] [Thread-2 (]: Finished running node analysis.google_fiber.dq_summary_report
[0m09:34:33.848086 [debug] [Thread-4 (]: Writing injected SQL for node "test.google_fiber.dbt_utils_expression_is_true_mart_fiber_fcr_contacts_n_1___0.f2518d2b19"
[0m09:34:33.877938 [debug] [Thread-2 (]: Began running node test.google_fiber.dbt_utils_expression_is_true_mart_fiber_fcr_contacts_n_2___0.b1cc83cc95
[0m09:34:33.925775 [debug] [Thread-3 (]: Finished running node test.google_fiber.accepted_values_mart_fiber_fcr_new_market__True__MARKET_1__MARKET_2__MARKET_3.f81a45d4c1
[0m09:34:33.925775 [debug] [Thread-2 (]: Re-using an available connection from the pool (formerly analysis.google_fiber.dq_summary_report, now test.google_fiber.dbt_utils_expression_is_true_mart_fiber_fcr_contacts_n_2___0.b1cc83cc95)
[0m09:34:33.941564 [debug] [Thread-5 (]: Finished running node test.google_fiber.accepted_values_mart_fiber_fcr_new_type__True__TYPE_1__TYPE_2__TYPE_3__TYPE_4__TYPE_5.5922be36aa
[0m09:34:33.941564 [debug] [Thread-3 (]: Began running node test.google_fiber.dbt_utils_expression_is_true_mart_fiber_fcr_contacts_n_3___0.5689c92a40
[0m09:34:33.941564 [debug] [Thread-2 (]: Began compiling node test.google_fiber.dbt_utils_expression_is_true_mart_fiber_fcr_contacts_n_2___0.b1cc83cc95
[0m09:34:33.941564 [debug] [Thread-5 (]: Began running node test.google_fiber.dbt_utils_expression_is_true_mart_fiber_fcr_contacts_n_4___0.14bec4a300
[0m09:34:33.941564 [debug] [Thread-3 (]: Re-using an available connection from the pool (formerly test.google_fiber.accepted_values_mart_fiber_fcr_new_market__True__MARKET_1__MARKET_2__MARKET_3.f81a45d4c1, now test.google_fiber.dbt_utils_expression_is_true_mart_fiber_fcr_contacts_n_3___0.5689c92a40)
[0m09:34:33.941564 [debug] [Thread-2 (]: Writing injected SQL for node "test.google_fiber.dbt_utils_expression_is_true_mart_fiber_fcr_contacts_n_2___0.b1cc83cc95"
[0m09:34:33.941564 [debug] [Thread-5 (]: Re-using an available connection from the pool (formerly test.google_fiber.accepted_values_mart_fiber_fcr_new_type__True__TYPE_1__TYPE_2__TYPE_3__TYPE_4__TYPE_5.5922be36aa, now test.google_fiber.dbt_utils_expression_is_true_mart_fiber_fcr_contacts_n_4___0.14bec4a300)
[0m09:34:33.941564 [debug] [Thread-3 (]: Began compiling node test.google_fiber.dbt_utils_expression_is_true_mart_fiber_fcr_contacts_n_3___0.5689c92a40
[0m09:34:33.941564 [debug] [Thread-5 (]: Began compiling node test.google_fiber.dbt_utils_expression_is_true_mart_fiber_fcr_contacts_n_4___0.14bec4a300
[0m09:34:33.941564 [debug] [Thread-3 (]: Writing injected SQL for node "test.google_fiber.dbt_utils_expression_is_true_mart_fiber_fcr_contacts_n_3___0.5689c92a40"
[0m09:34:33.941564 [debug] [Thread-4 (]: Began executing node test.google_fiber.dbt_utils_expression_is_true_mart_fiber_fcr_contacts_n_1___0.f2518d2b19
[0m09:34:33.957594 [debug] [Thread-5 (]: Writing injected SQL for node "test.google_fiber.dbt_utils_expression_is_true_mart_fiber_fcr_contacts_n_4___0.14bec4a300"
[0m09:34:33.957594 [debug] [Thread-4 (]: Opening a new connection, currently in state closed
[0m09:34:33.957594 [debug] [Thread-2 (]: Began executing node test.google_fiber.dbt_utils_expression_is_true_mart_fiber_fcr_contacts_n_2___0.b1cc83cc95
[0m09:34:33.957594 [debug] [Thread-2 (]: Opening a new connection, currently in state closed
[0m09:34:33.957594 [debug] [Thread-3 (]: Began executing node test.google_fiber.dbt_utils_expression_is_true_mart_fiber_fcr_contacts_n_3___0.5689c92a40
[0m09:34:33.957594 [debug] [Thread-3 (]: Opening a new connection, currently in state closed
[0m09:34:34.048828 [debug] [Thread-5 (]: Began executing node test.google_fiber.dbt_utils_expression_is_true_mart_fiber_fcr_contacts_n_4___0.14bec4a300
[0m09:34:34.048828 [debug] [Thread-2 (]: Finished running node test.google_fiber.dbt_utils_expression_is_true_mart_fiber_fcr_contacts_n_2___0.b1cc83cc95
[0m09:34:34.048828 [debug] [Thread-4 (]: Finished running node test.google_fiber.dbt_utils_expression_is_true_mart_fiber_fcr_contacts_n_1___0.f2518d2b19
[0m09:34:34.084140 [debug] [Thread-5 (]: Opening a new connection, currently in state closed
[0m09:34:34.100210 [debug] [Thread-2 (]: Began running node test.google_fiber.dbt_utils_expression_is_true_mart_fiber_fcr_contacts_n_5___0.d48ed59881
[0m09:34:34.100210 [debug] [Thread-3 (]: Finished running node test.google_fiber.dbt_utils_expression_is_true_mart_fiber_fcr_contacts_n_3___0.5689c92a40
[0m09:34:34.100210 [debug] [Thread-4 (]: Began running node test.google_fiber.dbt_utils_expression_is_true_mart_fiber_fcr_contacts_n_6___0.2f647a3cbe
[0m09:34:34.100210 [debug] [Thread-2 (]: Re-using an available connection from the pool (formerly test.google_fiber.dbt_utils_expression_is_true_mart_fiber_fcr_contacts_n_2___0.b1cc83cc95, now test.google_fiber.dbt_utils_expression_is_true_mart_fiber_fcr_contacts_n_5___0.d48ed59881)
[0m09:34:34.100210 [debug] [Thread-3 (]: Began running node test.google_fiber.dbt_utils_expression_is_true_mart_fiber_fcr_contacts_n_7___0.3b0d43e245
[0m09:34:34.100210 [debug] [Thread-4 (]: Re-using an available connection from the pool (formerly test.google_fiber.dbt_utils_expression_is_true_mart_fiber_fcr_contacts_n_1___0.f2518d2b19, now test.google_fiber.dbt_utils_expression_is_true_mart_fiber_fcr_contacts_n_6___0.2f647a3cbe)
[0m09:34:34.131811 [debug] [Thread-2 (]: Began compiling node test.google_fiber.dbt_utils_expression_is_true_mart_fiber_fcr_contacts_n_5___0.d48ed59881
[0m09:34:34.131811 [debug] [Thread-3 (]: Re-using an available connection from the pool (formerly test.google_fiber.dbt_utils_expression_is_true_mart_fiber_fcr_contacts_n_3___0.5689c92a40, now test.google_fiber.dbt_utils_expression_is_true_mart_fiber_fcr_contacts_n_7___0.3b0d43e245)
[0m09:34:34.147512 [debug] [Thread-5 (]: Finished running node test.google_fiber.dbt_utils_expression_is_true_mart_fiber_fcr_contacts_n_4___0.14bec4a300
[0m09:34:34.147512 [debug] [Thread-4 (]: Began compiling node test.google_fiber.dbt_utils_expression_is_true_mart_fiber_fcr_contacts_n_6___0.2f647a3cbe
[0m09:34:34.153365 [debug] [Thread-2 (]: Writing injected SQL for node "test.google_fiber.dbt_utils_expression_is_true_mart_fiber_fcr_contacts_n_5___0.d48ed59881"
[0m09:34:34.153365 [debug] [Thread-3 (]: Began compiling node test.google_fiber.dbt_utils_expression_is_true_mart_fiber_fcr_contacts_n_7___0.3b0d43e245
[0m09:34:34.153365 [debug] [Thread-5 (]: Began running node test.google_fiber.dbt_utils_expression_is_true_mart_fiber_fcr_contacts_n___0.fd6d7acd02
[0m09:34:34.157377 [debug] [Thread-4 (]: Writing injected SQL for node "test.google_fiber.dbt_utils_expression_is_true_mart_fiber_fcr_contacts_n_6___0.2f647a3cbe"
[0m09:34:34.163351 [debug] [Thread-5 (]: Re-using an available connection from the pool (formerly test.google_fiber.dbt_utils_expression_is_true_mart_fiber_fcr_contacts_n_4___0.14bec4a300, now test.google_fiber.dbt_utils_expression_is_true_mart_fiber_fcr_contacts_n___0.fd6d7acd02)
[0m09:34:34.163351 [debug] [Thread-3 (]: Writing injected SQL for node "test.google_fiber.dbt_utils_expression_is_true_mart_fiber_fcr_contacts_n_7___0.3b0d43e245"
[0m09:34:34.163351 [debug] [Thread-5 (]: Began compiling node test.google_fiber.dbt_utils_expression_is_true_mart_fiber_fcr_contacts_n___0.fd6d7acd02
[0m09:34:34.163351 [debug] [Thread-2 (]: Began executing node test.google_fiber.dbt_utils_expression_is_true_mart_fiber_fcr_contacts_n_5___0.d48ed59881
[0m09:34:34.168942 [debug] [Thread-5 (]: Writing injected SQL for node "test.google_fiber.dbt_utils_expression_is_true_mart_fiber_fcr_contacts_n___0.fd6d7acd02"
[0m09:34:34.168942 [debug] [Thread-2 (]: Opening a new connection, currently in state closed
[0m09:34:34.168942 [debug] [Thread-4 (]: Began executing node test.google_fiber.dbt_utils_expression_is_true_mart_fiber_fcr_contacts_n_6___0.2f647a3cbe
[0m09:34:34.168942 [debug] [Thread-4 (]: Opening a new connection, currently in state closed
[0m09:34:34.168942 [debug] [Thread-3 (]: Began executing node test.google_fiber.dbt_utils_expression_is_true_mart_fiber_fcr_contacts_n_7___0.3b0d43e245
[0m09:34:34.168942 [debug] [Thread-3 (]: Opening a new connection, currently in state closed
[0m09:34:34.290640 [debug] [Thread-4 (]: Finished running node test.google_fiber.dbt_utils_expression_is_true_mart_fiber_fcr_contacts_n_6___0.2f647a3cbe
[0m09:34:34.290640 [debug] [Thread-4 (]: Began running node test.google_fiber.dbt_utils_expression_is_true_mart_fiber_fcr_fcr_7day_rate__IS_NULL_OR_fcr_7day_rate_0_AND_fcr_7day_rate_1_.3821f10cea
[0m09:34:34.290640 [debug] [Thread-5 (]: Began executing node test.google_fiber.dbt_utils_expression_is_true_mart_fiber_fcr_contacts_n___0.fd6d7acd02
[0m09:34:34.290640 [debug] [Thread-3 (]: Finished running node test.google_fiber.dbt_utils_expression_is_true_mart_fiber_fcr_contacts_n_7___0.3b0d43e245
[0m09:34:34.290640 [debug] [Thread-2 (]: Finished running node test.google_fiber.dbt_utils_expression_is_true_mart_fiber_fcr_contacts_n_5___0.d48ed59881
[0m09:34:34.302466 [debug] [Thread-4 (]: Re-using an available connection from the pool (formerly test.google_fiber.dbt_utils_expression_is_true_mart_fiber_fcr_contacts_n_6___0.2f647a3cbe, now test.google_fiber.dbt_utils_expression_is_true_mart_fiber_fcr_fcr_7day_rate__IS_NULL_OR_fcr_7day_rate_0_AND_fcr_7day_rate_1_.3821f10cea)
[0m09:34:34.302466 [debug] [Thread-5 (]: Opening a new connection, currently in state closed
[0m09:34:34.302466 [debug] [Thread-3 (]: Began running node test.google_fiber.dbt_utils_expression_is_true_mart_fiber_fcr_fcr_day1_rate__IS_NULL_OR_fcr_day1_rate_0_AND_fcr_day1_rate_1_.ea9fc062eb
[0m09:34:34.302466 [debug] [Thread-2 (]: Began running node test.google_fiber.dbt_utils_unique_combination_of_columns_mart_fiber_fcr_date_created__new_type__new_market.768049e15a
[0m09:34:34.302466 [debug] [Thread-4 (]: Began compiling node test.google_fiber.dbt_utils_expression_is_true_mart_fiber_fcr_fcr_7day_rate__IS_NULL_OR_fcr_7day_rate_0_AND_fcr_7day_rate_1_.3821f10cea
[0m09:34:34.304473 [debug] [Thread-3 (]: Re-using an available connection from the pool (formerly test.google_fiber.dbt_utils_expression_is_true_mart_fiber_fcr_contacts_n_7___0.3b0d43e245, now test.google_fiber.dbt_utils_expression_is_true_mart_fiber_fcr_fcr_day1_rate__IS_NULL_OR_fcr_day1_rate_0_AND_fcr_day1_rate_1_.ea9fc062eb)
[0m09:34:34.304473 [debug] [Thread-2 (]: Re-using an available connection from the pool (formerly test.google_fiber.dbt_utils_expression_is_true_mart_fiber_fcr_contacts_n_5___0.d48ed59881, now test.google_fiber.dbt_utils_unique_combination_of_columns_mart_fiber_fcr_date_created__new_type__new_market.768049e15a)
[0m09:34:34.306568 [debug] [Thread-4 (]: Writing injected SQL for node "test.google_fiber.dbt_utils_expression_is_true_mart_fiber_fcr_fcr_7day_rate__IS_NULL_OR_fcr_7day_rate_0_AND_fcr_7day_rate_1_.3821f10cea"
[0m09:34:34.306568 [debug] [Thread-3 (]: Began compiling node test.google_fiber.dbt_utils_expression_is_true_mart_fiber_fcr_fcr_day1_rate__IS_NULL_OR_fcr_day1_rate_0_AND_fcr_day1_rate_1_.ea9fc062eb
[0m09:34:34.306568 [debug] [Thread-2 (]: Began compiling node test.google_fiber.dbt_utils_unique_combination_of_columns_mart_fiber_fcr_date_created__new_type__new_market.768049e15a
[0m09:34:34.315414 [debug] [Thread-3 (]: Writing injected SQL for node "test.google_fiber.dbt_utils_expression_is_true_mart_fiber_fcr_fcr_day1_rate__IS_NULL_OR_fcr_day1_rate_0_AND_fcr_day1_rate_1_.ea9fc062eb"
[0m09:34:34.369750 [debug] [Thread-2 (]: Writing injected SQL for node "test.google_fiber.dbt_utils_unique_combination_of_columns_mart_fiber_fcr_date_created__new_type__new_market.768049e15a"
[0m09:34:34.369750 [debug] [Thread-5 (]: Finished running node test.google_fiber.dbt_utils_expression_is_true_mart_fiber_fcr_contacts_n___0.fd6d7acd02
[0m09:34:34.369750 [debug] [Thread-5 (]: Began running node test.google_fiber.not_null_mart_fiber_fcr_contacts_n.468035c44d
[0m09:34:34.369750 [debug] [Thread-5 (]: Re-using an available connection from the pool (formerly test.google_fiber.dbt_utils_expression_is_true_mart_fiber_fcr_contacts_n___0.fd6d7acd02, now test.google_fiber.not_null_mart_fiber_fcr_contacts_n.468035c44d)
[0m09:34:34.369750 [debug] [Thread-5 (]: Began compiling node test.google_fiber.not_null_mart_fiber_fcr_contacts_n.468035c44d
[0m09:34:34.377779 [debug] [Thread-5 (]: Writing injected SQL for node "test.google_fiber.not_null_mart_fiber_fcr_contacts_n.468035c44d"
[0m09:34:34.379786 [debug] [Thread-4 (]: Began executing node test.google_fiber.dbt_utils_expression_is_true_mart_fiber_fcr_fcr_7day_rate__IS_NULL_OR_fcr_7day_rate_0_AND_fcr_7day_rate_1_.3821f10cea
[0m09:34:34.379786 [debug] [Thread-4 (]: Opening a new connection, currently in state closed
[0m09:34:34.379786 [debug] [Thread-2 (]: Began executing node test.google_fiber.dbt_utils_unique_combination_of_columns_mart_fiber_fcr_date_created__new_type__new_market.768049e15a
[0m09:34:34.379786 [debug] [Thread-2 (]: Opening a new connection, currently in state closed
[0m09:34:34.379786 [debug] [Thread-3 (]: Began executing node test.google_fiber.dbt_utils_expression_is_true_mart_fiber_fcr_fcr_day1_rate__IS_NULL_OR_fcr_day1_rate_0_AND_fcr_day1_rate_1_.ea9fc062eb
[0m09:34:34.379786 [debug] [Thread-3 (]: Opening a new connection, currently in state closed
[0m09:34:34.379786 [debug] [Thread-5 (]: Began executing node test.google_fiber.not_null_mart_fiber_fcr_contacts_n.468035c44d
[0m09:34:34.379786 [debug] [Thread-5 (]: Opening a new connection, currently in state closed
[0m09:34:34.468008 [debug] [Thread-4 (]: Finished running node test.google_fiber.dbt_utils_expression_is_true_mart_fiber_fcr_fcr_7day_rate__IS_NULL_OR_fcr_7day_rate_0_AND_fcr_7day_rate_1_.3821f10cea
[0m09:34:34.497795 [debug] [Thread-4 (]: Began running node test.google_fiber.not_null_mart_fiber_fcr_contacts_n_1.5aae7c6b33
[0m09:34:34.497795 [debug] [Thread-4 (]: Re-using an available connection from the pool (formerly test.google_fiber.dbt_utils_expression_is_true_mart_fiber_fcr_fcr_7day_rate__IS_NULL_OR_fcr_7day_rate_0_AND_fcr_7day_rate_1_.3821f10cea, now test.google_fiber.not_null_mart_fiber_fcr_contacts_n_1.5aae7c6b33)
[0m09:34:34.497795 [debug] [Thread-4 (]: Began compiling node test.google_fiber.not_null_mart_fiber_fcr_contacts_n_1.5aae7c6b33
[0m09:34:34.515810 [debug] [Thread-4 (]: Writing injected SQL for node "test.google_fiber.not_null_mart_fiber_fcr_contacts_n_1.5aae7c6b33"
[0m09:34:34.515810 [debug] [Thread-2 (]: Finished running node test.google_fiber.dbt_utils_unique_combination_of_columns_mart_fiber_fcr_date_created__new_type__new_market.768049e15a
[0m09:34:34.515810 [debug] [Thread-2 (]: Began running node test.google_fiber.not_null_mart_fiber_fcr_contacts_n_2.287aa32036
[0m09:34:34.515810 [debug] [Thread-2 (]: Re-using an available connection from the pool (formerly test.google_fiber.dbt_utils_unique_combination_of_columns_mart_fiber_fcr_date_created__new_type__new_market.768049e15a, now test.google_fiber.not_null_mart_fiber_fcr_contacts_n_2.287aa32036)
[0m09:34:34.515810 [debug] [Thread-2 (]: Began compiling node test.google_fiber.not_null_mart_fiber_fcr_contacts_n_2.287aa32036
[0m09:34:34.515810 [debug] [Thread-2 (]: Writing injected SQL for node "test.google_fiber.not_null_mart_fiber_fcr_contacts_n_2.287aa32036"
[0m09:34:34.515810 [debug] [Thread-3 (]: Finished running node test.google_fiber.dbt_utils_expression_is_true_mart_fiber_fcr_fcr_day1_rate__IS_NULL_OR_fcr_day1_rate_0_AND_fcr_day1_rate_1_.ea9fc062eb
[0m09:34:34.559263 [debug] [Thread-3 (]: Began running node test.google_fiber.not_null_mart_fiber_fcr_contacts_n_3.94dd51b2bf
[0m09:34:34.559263 [debug] [Thread-3 (]: Re-using an available connection from the pool (formerly test.google_fiber.dbt_utils_expression_is_true_mart_fiber_fcr_fcr_day1_rate__IS_NULL_OR_fcr_day1_rate_0_AND_fcr_day1_rate_1_.ea9fc062eb, now test.google_fiber.not_null_mart_fiber_fcr_contacts_n_3.94dd51b2bf)
[0m09:34:34.559263 [debug] [Thread-3 (]: Began compiling node test.google_fiber.not_null_mart_fiber_fcr_contacts_n_3.94dd51b2bf
[0m09:34:34.559263 [debug] [Thread-4 (]: Began executing node test.google_fiber.not_null_mart_fiber_fcr_contacts_n_1.5aae7c6b33
[0m09:34:34.575011 [debug] [Thread-3 (]: Writing injected SQL for node "test.google_fiber.not_null_mart_fiber_fcr_contacts_n_3.94dd51b2bf"
[0m09:34:34.575011 [debug] [Thread-5 (]: Finished running node test.google_fiber.not_null_mart_fiber_fcr_contacts_n.468035c44d
[0m09:34:34.575011 [debug] [Thread-4 (]: Opening a new connection, currently in state closed
[0m09:34:34.575011 [debug] [Thread-2 (]: Began executing node test.google_fiber.not_null_mart_fiber_fcr_contacts_n_2.287aa32036
[0m09:34:34.575011 [debug] [Thread-5 (]: Began running node test.google_fiber.not_null_mart_fiber_fcr_contacts_n_4.96ab58a968
[0m09:34:34.575011 [debug] [Thread-2 (]: Opening a new connection, currently in state closed
[0m09:34:34.575011 [debug] [Thread-5 (]: Re-using an available connection from the pool (formerly test.google_fiber.not_null_mart_fiber_fcr_contacts_n.468035c44d, now test.google_fiber.not_null_mart_fiber_fcr_contacts_n_4.96ab58a968)
[0m09:34:34.622089 [debug] [Thread-5 (]: Began compiling node test.google_fiber.not_null_mart_fiber_fcr_contacts_n_4.96ab58a968
[0m09:34:34.622089 [debug] [Thread-5 (]: Writing injected SQL for node "test.google_fiber.not_null_mart_fiber_fcr_contacts_n_4.96ab58a968"
[0m09:34:34.622089 [debug] [Thread-4 (]: Finished running node test.google_fiber.not_null_mart_fiber_fcr_contacts_n_1.5aae7c6b33
[0m09:34:34.622089 [debug] [Thread-3 (]: Began executing node test.google_fiber.not_null_mart_fiber_fcr_contacts_n_3.94dd51b2bf
[0m09:34:34.669347 [debug] [Thread-4 (]: Began running node test.google_fiber.not_null_mart_fiber_fcr_contacts_n_5.c78b9aea0c
[0m09:34:34.669347 [debug] [Thread-2 (]: Finished running node test.google_fiber.not_null_mart_fiber_fcr_contacts_n_2.287aa32036
[0m09:34:34.669347 [debug] [Thread-5 (]: Began executing node test.google_fiber.not_null_mart_fiber_fcr_contacts_n_4.96ab58a968
[0m09:34:34.669347 [debug] [Thread-3 (]: Opening a new connection, currently in state closed
[0m09:34:34.669347 [debug] [Thread-4 (]: Re-using an available connection from the pool (formerly test.google_fiber.not_null_mart_fiber_fcr_contacts_n_1.5aae7c6b33, now test.google_fiber.not_null_mart_fiber_fcr_contacts_n_5.c78b9aea0c)
[0m09:34:34.669347 [debug] [Thread-2 (]: Began running node test.google_fiber.not_null_mart_fiber_fcr_contacts_n_6.90a508f1cf
[0m09:34:34.669347 [debug] [Thread-5 (]: Opening a new connection, currently in state closed
[0m09:34:34.669347 [debug] [Thread-4 (]: Began compiling node test.google_fiber.not_null_mart_fiber_fcr_contacts_n_5.c78b9aea0c
[0m09:34:34.669347 [debug] [Thread-2 (]: Re-using an available connection from the pool (formerly test.google_fiber.not_null_mart_fiber_fcr_contacts_n_2.287aa32036, now test.google_fiber.not_null_mart_fiber_fcr_contacts_n_6.90a508f1cf)
[0m09:34:34.669347 [debug] [Thread-4 (]: Writing injected SQL for node "test.google_fiber.not_null_mart_fiber_fcr_contacts_n_5.c78b9aea0c"
[0m09:34:34.717447 [debug] [Thread-2 (]: Began compiling node test.google_fiber.not_null_mart_fiber_fcr_contacts_n_6.90a508f1cf
[0m09:34:34.765209 [debug] [Thread-5 (]: Finished running node test.google_fiber.not_null_mart_fiber_fcr_contacts_n_4.96ab58a968
[0m09:34:34.777701 [debug] [Thread-2 (]: Writing injected SQL for node "test.google_fiber.not_null_mart_fiber_fcr_contacts_n_6.90a508f1cf"
[0m09:34:34.777701 [debug] [Thread-3 (]: Finished running node test.google_fiber.not_null_mart_fiber_fcr_contacts_n_3.94dd51b2bf
[0m09:34:34.779708 [debug] [Thread-5 (]: Began running node test.google_fiber.not_null_mart_fiber_fcr_contacts_n_7.b7591bed2b
[0m09:34:34.779708 [debug] [Thread-3 (]: Began running node test.google_fiber.not_null_mart_fiber_fcr_date_created.c4deca7af0
[0m09:34:34.781216 [debug] [Thread-4 (]: Began executing node test.google_fiber.not_null_mart_fiber_fcr_contacts_n_5.c78b9aea0c
[0m09:34:34.781216 [debug] [Thread-5 (]: Re-using an available connection from the pool (formerly test.google_fiber.not_null_mart_fiber_fcr_contacts_n_4.96ab58a968, now test.google_fiber.not_null_mart_fiber_fcr_contacts_n_7.b7591bed2b)
[0m09:34:34.781216 [debug] [Thread-3 (]: Re-using an available connection from the pool (formerly test.google_fiber.not_null_mart_fiber_fcr_contacts_n_3.94dd51b2bf, now test.google_fiber.not_null_mart_fiber_fcr_date_created.c4deca7af0)
[0m09:34:34.781216 [debug] [Thread-4 (]: Opening a new connection, currently in state closed
[0m09:34:34.781216 [debug] [Thread-2 (]: Began executing node test.google_fiber.not_null_mart_fiber_fcr_contacts_n_6.90a508f1cf
[0m09:34:34.781216 [debug] [Thread-5 (]: Began compiling node test.google_fiber.not_null_mart_fiber_fcr_contacts_n_7.b7591bed2b
[0m09:34:34.781216 [debug] [Thread-3 (]: Began compiling node test.google_fiber.not_null_mart_fiber_fcr_date_created.c4deca7af0
[0m09:34:34.781216 [debug] [Thread-2 (]: Opening a new connection, currently in state closed
[0m09:34:34.828982 [debug] [Thread-5 (]: Writing injected SQL for node "test.google_fiber.not_null_mart_fiber_fcr_contacts_n_7.b7591bed2b"
[0m09:34:34.828982 [debug] [Thread-3 (]: Writing injected SQL for node "test.google_fiber.not_null_mart_fiber_fcr_date_created.c4deca7af0"
[0m09:34:34.828982 [debug] [Thread-4 (]: Finished running node test.google_fiber.not_null_mart_fiber_fcr_contacts_n_5.c78b9aea0c
[0m09:34:34.828982 [debug] [Thread-4 (]: Began running node test.google_fiber.not_null_mart_fiber_fcr_new_market.bf7fff7a28
[0m09:34:34.828982 [debug] [Thread-4 (]: Re-using an available connection from the pool (formerly test.google_fiber.not_null_mart_fiber_fcr_contacts_n_5.c78b9aea0c, now test.google_fiber.not_null_mart_fiber_fcr_new_market.bf7fff7a28)
[0m09:34:34.828982 [debug] [Thread-4 (]: Began compiling node test.google_fiber.not_null_mart_fiber_fcr_new_market.bf7fff7a28
[0m09:34:34.876327 [debug] [Thread-4 (]: Writing injected SQL for node "test.google_fiber.not_null_mart_fiber_fcr_new_market.bf7fff7a28"
[0m09:34:34.876327 [debug] [Thread-2 (]: Finished running node test.google_fiber.not_null_mart_fiber_fcr_contacts_n_6.90a508f1cf
[0m09:34:34.876327 [debug] [Thread-2 (]: Began running node test.google_fiber.not_null_mart_fiber_fcr_new_type.55aacd9e05
[0m09:34:34.876327 [debug] [Thread-5 (]: Began executing node test.google_fiber.not_null_mart_fiber_fcr_contacts_n_7.b7591bed2b
[0m09:34:34.892049 [debug] [Thread-3 (]: Began executing node test.google_fiber.not_null_mart_fiber_fcr_date_created.c4deca7af0
[0m09:34:34.892049 [debug] [Thread-2 (]: Re-using an available connection from the pool (formerly test.google_fiber.not_null_mart_fiber_fcr_contacts_n_6.90a508f1cf, now test.google_fiber.not_null_mart_fiber_fcr_new_type.55aacd9e05)
[0m09:34:34.892049 [debug] [Thread-5 (]: Opening a new connection, currently in state closed
[0m09:34:34.892049 [debug] [Thread-3 (]: Opening a new connection, currently in state closed
[0m09:34:34.894056 [debug] [Thread-2 (]: Began compiling node test.google_fiber.not_null_mart_fiber_fcr_new_type.55aacd9e05
[0m09:34:34.898608 [debug] [Thread-2 (]: Writing injected SQL for node "test.google_fiber.not_null_mart_fiber_fcr_new_type.55aacd9e05"
[0m09:34:34.939197 [debug] [Thread-4 (]: Began executing node test.google_fiber.not_null_mart_fiber_fcr_new_market.bf7fff7a28
[0m09:34:34.939197 [debug] [Thread-4 (]: Opening a new connection, currently in state closed
[0m09:34:34.939197 [debug] [Thread-5 (]: Finished running node test.google_fiber.not_null_mart_fiber_fcr_contacts_n_7.b7591bed2b
[0m09:34:34.986497 [debug] [Thread-3 (]: Finished running node test.google_fiber.not_null_mart_fiber_fcr_date_created.c4deca7af0
[0m09:34:34.986497 [debug] [Thread-2 (]: Began executing node test.google_fiber.not_null_mart_fiber_fcr_new_type.55aacd9e05
[0m09:34:35.018388 [debug] [Thread-2 (]: Opening a new connection, currently in state closed
[0m09:34:35.034147 [debug] [Thread-4 (]: Finished running node test.google_fiber.not_null_mart_fiber_fcr_new_market.bf7fff7a28
[0m09:34:35.081445 [debug] [Thread-2 (]: Finished running node test.google_fiber.not_null_mart_fiber_fcr_new_type.55aacd9e05
[0m09:34:35.081445 [debug] [MainThread]: Connection 'master' was properly closed.
[0m09:34:35.081445 [debug] [MainThread]: Connection 'list_gbi-test_fiber' was properly closed.
[0m09:34:35.081445 [debug] [MainThread]: Connection 'test.google_fiber.not_null_mart_fiber_fcr_new_type.55aacd9e05' was properly closed.
[0m09:34:35.081445 [debug] [MainThread]: Connection 'test.google_fiber.not_null_mart_fiber_fcr_date_created.c4deca7af0' was properly closed.
[0m09:34:35.081445 [debug] [MainThread]: Connection 'test.google_fiber.not_null_mart_fiber_fcr_new_market.bf7fff7a28' was properly closed.
[0m09:34:35.081445 [debug] [MainThread]: Connection 'test.google_fiber.not_null_mart_fiber_fcr_contacts_n_7.b7591bed2b' was properly closed.
[0m09:34:35.081445 [debug] [MainThread]: Command end result
[0m09:34:35.239165 [debug] [MainThread]: Wrote artifact WritableManifest to C:\Users\newbi\Documents\Local_Documents\google-fiber-fcr-capstone-dbt\dbt\target\manifest.json
[0m09:34:35.290461 [debug] [MainThread]: Wrote artifact SemanticManifest to C:\Users\newbi\Documents\Local_Documents\google-fiber-fcr-capstone-dbt\dbt\target\semantic_manifest.json
[0m09:34:35.300512 [debug] [MainThread]: Wrote artifact RunExecutionResult to C:\Users\newbi\Documents\Local_Documents\google-fiber-fcr-capstone-dbt\dbt\target\run_results.json
[0m09:34:35.829186 [debug] [MainThread]: Acquiring new bigquery connection 'generate_catalog'
[0m09:34:35.831195 [info ] [MainThread]: Building catalog
[0m09:34:35.834047 [debug] [ThreadPool]: Acquiring new bigquery connection 'gbi-test.information_schema'
[0m09:34:35.859067 [debug] [ThreadPool]: On gbi-test.information_schema: /* {"app": "dbt", "dbt_version": "1.11.11", "profile_name": "google_fiber", "target_name": "dev", "connection_name": "gbi-test.information_schema"} */

    with
                table_shards_stage as (
    select
        tables.project_id as table_catalog,
        tables.dataset_id as table_schema,
        coalesce(REGEXP_EXTRACT(tables.table_id, '^(.+)[0-9]{8}$'), tables.table_id) as table_name,
        tables.table_id as shard_name,
        REGEXP_EXTRACT(tables.table_id, '^.+([0-9]{8})$') as shard_index,
        REGEXP_CONTAINS(tables.table_id, '^.+[0-9]{8}$') and tables.type = 1 as is_date_shard,
        case
            when materialized_views.table_name is not null then 'materialized view'
            when tables.type = 1 then 'table'
            when tables.type = 2 then 'view'
            else 'external'
        end as table_type,
        tables.type = 1 as is_table,
        JSON_VALUE(table_description.option_value) as table_comment,
        tables.size_bytes,
        tables.row_count
    from `gbi-test`.`fiber`.__TABLES__ tables
    left join `gbi-test`.`fiber`.INFORMATION_SCHEMA.MATERIALIZED_VIEWS materialized_views
        on materialized_views.table_catalog = tables.project_id
        and materialized_views.table_schema = tables.dataset_id
        and materialized_views.table_name = tables.table_id
    left join `gbi-test`.`fiber`.INFORMATION_SCHEMA.TABLE_OPTIONS table_description
        on table_description.table_catalog = tables.project_id
        and table_description.table_schema = tables.dataset_id
        and table_description.table_name = tables.table_id
        and table_description.option_name = 'description'
),
                table_shards as (
                    select * from table_shards_stage
                    where ((
                                upper(table_schema) = upper('fiber')
                            and upper(table_name) = upper('market_1')
                            ) or (
                                upper(table_schema) = upper('fiber')
                            and upper(table_name) = upper('mart_fiber_fcr')
                            ) or (
                                upper(table_schema) = upper('fiber')
                            and upper(table_name) = upper('stg_market_1')
                            ) or (
                                upper(table_schema) = upper('fiber')
                            and upper(table_name) = upper('stg_market_2')
                            ) or (
                                upper(table_schema) = upper('fiber')
                            and upper(table_name) = upper('market_2')
                            ) or (
                                upper(table_schema) = upper('fiber')
                            and upper(table_name) = upper('stg_market_3')
                            ) or (
                                upper(table_schema) = upper('fiber')
                            and upper(table_name) = upper('market_3')
                            ))
                ),
                tables as (
    select distinct
        table_catalog,
        table_schema,
        table_name,
        is_date_shard,
        table_type,
        is_table,
        table_comment
    from table_shards
),
                table_stats as (
    select
        table_catalog,
        table_schema,
        table_name,
        max(shard_name) as latest_shard_name,
        min(shard_index) as shard_min,
        max(shard_index) as shard_max,
        count(shard_index) as shard_count,
        sum(size_bytes) as size_bytes,
        sum(row_count) as row_count
    from table_shards
    group by 1, 2, 3
),

                columns as (
    select
        columns.table_catalog,
        columns.table_schema,
        columns.table_name as shard_name,
        coalesce(paths.field_path, '<unknown>') as column_name,
        -- invent a row number to account for nested fields
        -- BQ does not treat these nested properties as independent fields
        row_number() over (
            partition by
                columns.table_catalog,
                columns.table_schema,
                columns.table_name
            order by
                columns.ordinal_position,
                paths.field_path
        ) as column_index,
        coalesce(paths.data_type, '<unknown>') as column_type,
        paths.description as column_comment,
        case when columns.is_partitioning_column = 'YES' then 1 else 0 end as is_partitioning_column,
        case when columns.is_partitioning_column = 'YES' then paths.field_path end as partition_column,
        case when columns.clustering_ordinal_position is not null then 1 else 0 end as is_clustering_column,
        case when columns.clustering_ordinal_position is not null then paths.field_path end as cluster_column,
        columns.clustering_ordinal_position
    from `gbi-test`.`fiber`.INFORMATION_SCHEMA.COLUMNS columns
    join `gbi-test`.`fiber`.INFORMATION_SCHEMA.COLUMN_FIELD_PATHS paths
        on paths.table_catalog = columns.table_catalog
        and paths.table_schema = columns.table_schema
        and paths.table_name = columns.table_name
        and paths.column_name = columns.column_name
    where columns.ordinal_position is not null
),
                column_stats as (
    select
        table_catalog,
        table_schema,
        shard_name,
        max(is_partitioning_column) = 1 as is_partitioned,
        max(partition_column) as partition_column,
        max(is_clustering_column) = 1 as is_clustered,
        array_to_string(
            array_agg(
                cluster_column ignore nulls
                order by clustering_ordinal_position
            ), ', '
        ) as clustering_columns
    from columns
    group by 1, 2, 3
)

            
    select
        tables.table_catalog as table_database,
        tables.table_schema,
        case
            when tables.is_date_shard then concat(tables.table_name, '*')
            else tables.table_name
        end as table_name,
        tables.table_type,
        tables.table_comment,
        -- coalesce column metadata fields to ensure they are non-null for catalog generation
        -- external table columns are not present in COLUMN_FIELD_PATHS
        coalesce(columns.column_name, '<unknown>') as column_name,
        coalesce(columns.column_index, 1) as column_index,
        coalesce(columns.column_type, '<unknown>') as column_type,
        coalesce(columns.column_comment, '') as column_comment,

        'Shard count' as `stats__date_shards__label`,
        table_stats.shard_count as `stats__date_shards__value`,
        'The number of date shards in this table' as `stats__date_shards__description`,
        tables.is_date_shard as `stats__date_shards__include`,

        'Shard (min)' as `stats__date_shard_min__label`,
        table_stats.shard_min as `stats__date_shard_min__value`,
        'The first date shard in this table' as `stats__date_shard_min__description`,
        tables.is_date_shard as `stats__date_shard_min__include`,

        'Shard (max)' as `stats__date_shard_max__label`,
        table_stats.shard_max as `stats__date_shard_max__value`,
        'The last date shard in this table' as `stats__date_shard_max__description`,
        tables.is_date_shard as `stats__date_shard_max__include`,

        '# Rows' as `stats__num_rows__label`,
        table_stats.row_count as `stats__num_rows__value`,
        'Approximate count of rows in this table' as `stats__num_rows__description`,
        tables.is_table as `stats__num_rows__include`,

        'Approximate Size' as `stats__num_bytes__label`,
        table_stats.size_bytes as `stats__num_bytes__value`,
        'Approximate size of table as reported by BigQuery' as `stats__num_bytes__description`,
        tables.is_table as `stats__num_bytes__include`,

        'Partitioned By' as `stats__partitioning_type__label`,
        column_stats.partition_column as `stats__partitioning_type__value`,
        'The partitioning column for this table' as `stats__partitioning_type__description`,
        column_stats.is_partitioned as `stats__partitioning_type__include`,

        'Clustered By' as `stats__clustering_fields__label`,
        column_stats.clustering_columns as `stats__clustering_fields__value`,
        'The clustering columns for this table' as `stats__clustering_fields__description`,
        column_stats.is_clustered as `stats__clustering_fields__include`

    from tables
    join table_stats
        on table_stats.table_catalog = tables.table_catalog
        and table_stats.table_schema = tables.table_schema
        and table_stats.table_name = tables.table_name
    left join column_stats
        on column_stats.table_catalog = tables.table_catalog
        and column_stats.table_schema = tables.table_schema
        and column_stats.shard_name = table_stats.latest_shard_name
    left join columns
        on columns.table_catalog = tables.table_catalog
        and columns.table_schema = tables.table_schema
        and columns.shard_name = table_stats.latest_shard_name

  
[0m09:34:35.859067 [debug] [ThreadPool]: Opening a new connection, currently in state init
[0m09:34:39.852009 [debug] [ThreadPool]: BigQuery adapter: https://console.cloud.google.com/bigquery?project=gbi-test&j=bq:US:60092b1d-abca-4a2f-ac28-694037c6ad5b&page=queryresults
[0m09:34:41.490890 [debug] [ThreadPool]: SQL status: OK in 1.642 seconds
[0m09:34:43.600425 [debug] [MainThread]: Opening a new connection, currently in state init
[0m09:34:43.647638 [debug] [MainThread]: Wrote artifact CatalogArtifact to C:\Users\newbi\Documents\Local_Documents\google-fiber-fcr-capstone-dbt\dbt\target\catalog.json
[0m09:34:43.717339 [debug] [MainThread]: Wrote artifact WritableManifest to C:\Users\newbi\Documents\Local_Documents\google-fiber-fcr-capstone-dbt\dbt\target\manifest.json
[0m09:34:43.727547 [debug] [MainThread]: Wrote artifact SemanticManifest to C:\Users\newbi\Documents\Local_Documents\google-fiber-fcr-capstone-dbt\dbt\target\semantic_manifest.json
[0m09:34:43.727547 [info ] [MainThread]: Catalog written to C:\Users\newbi\Documents\Local_Documents\google-fiber-fcr-capstone-dbt\dbt\target\catalog.json
[0m09:34:43.727547 [debug] [MainThread]: Command `dbt docs generate` succeeded at 09:34:43.727547 after 28.08 seconds
[0m09:34:43.727547 [debug] [MainThread]: Connection 'generate_catalog' was properly closed.
[0m09:34:43.727547 [debug] [MainThread]: Connection 'gbi-test.information_schema' was properly closed.
[0m09:34:43.727547 [debug] [MainThread]: Sending event: {'category': 'dbt', 'action': 'invocation', 'label': 'end', 'context': [<snowplow_tracker.self_describing_json.SelfDescribingJson object at 0x0000013CDCEC9C70>, <snowplow_tracker.self_describing_json.SelfDescribingJson object at 0x0000013CDCEC88C0>, <snowplow_tracker.self_describing_json.SelfDescribingJson object at 0x0000013CDCEF8560>]}
[0m09:34:43.727547 [debug] [MainThread]: Flushing usage events
[0m09:34:45.778897 [debug] [MainThread]: An error was encountered while trying to flush usage events
[0m09:38:37.095838 [debug] [MainThread]: Sending event: {'category': 'dbt', 'action': 'invocation', 'label': 'start', 'context': [<snowplow_tracker.self_describing_json.SelfDescribingJson object at 0x000001CF38014CE0>, <snowplow_tracker.self_describing_json.SelfDescribingJson object at 0x000001CF3571C200>, <snowplow_tracker.self_describing_json.SelfDescribingJson object at 0x000001CF360373E0>]}


============================== 09:38:37.095838 | f5693e2c-0043-482e-bf1e-89d2edbe83b0 ==============================
[0m09:38:37.095838 [info ] [MainThread]: Running with dbt=1.11.11
[0m09:38:37.095838 [debug] [MainThread]: running dbt with arguments {'version_check': 'True', 'no_print': 'None', 'static_parser': 'True', 'warn_error_options': 'WarnErrorOptionsV2(error=[], warn=[], silence=[])', 'target_path': 'None', 'printer_width': '80', 'write_json': 'True', 'introspect': 'True', 'log_cache_events': 'False', 'empty': 'None', 'cache_selected_only': 'False', 'log_format': 'default', 'debug': 'False', 'fail_fast': 'False', 'profiles_dir': 'C:\\Users\\newbi\\.dbt', 'send_anonymous_usage_stats': 'True', 'quiet': 'False', 'warn_error': 'None', 'partial_parse': 'True', 'invocation_command': 'dbt debug', 'indirect_selection': 'eager', 'use_colors': 'True', 'use_experimental_parser': 'False', 'log_path': 'C:\\Users\\newbi\\Documents\\Local_Documents\\google-fiber-fcr-capstone-dbt\\dbt\\logs'}
[0m09:38:37.157492 [info ] [MainThread]: dbt version: 1.11.11
[0m09:38:37.159510 [info ] [MainThread]: python version: 3.12.9
[0m09:38:37.159510 [info ] [MainThread]: python path: C:\Users\newbi\AppData\Local\Programs\Python\Python312\python.exe
[0m09:38:37.159510 [info ] [MainThread]: os info: Windows-11-10.0.26200-SP0
[0m09:38:38.345970 [info ] [MainThread]: Using profiles dir at C:\Users\newbi\.dbt
[0m09:38:38.345970 [info ] [MainThread]: Using profiles.yml file at C:\Users\newbi\.dbt\profiles.yml
[0m09:38:38.345970 [info ] [MainThread]: Using dbt_project.yml file at C:\Users\newbi\Documents\Local_Documents\google-fiber-fcr-capstone-dbt\dbt\dbt_project.yml
[0m09:38:38.345970 [info ] [MainThread]: adapter type: bigquery
[0m09:38:38.345970 [info ] [MainThread]: adapter version: 1.11.3
[0m09:38:38.476807 [info ] [MainThread]: Configuration:
[0m09:38:38.476807 [info ] [MainThread]:   profiles.yml file [[32mOK found and valid[0m]
[0m09:38:38.476807 [info ] [MainThread]:   dbt_project.yml file [[32mOK found and valid[0m]
[0m09:38:38.476807 [info ] [MainThread]: Required dependencies:
[0m09:38:38.476807 [debug] [MainThread]: Executing "git --help"
[0m09:38:39.677559 [debug] [MainThread]: STDOUT: "b"usage: git [-v | --version] [-h | --help] [-C <path>] [-c <name>=<value>]\n           [--exec-path[=<path>]] [--html-path] [--man-path] [--info-path]\n           [-p | --paginate | -P | --no-pager] [--no-replace-objects] [--no-lazy-fetch]\n           [--no-optional-locks] [--no-advice] [--bare] [--git-dir=<path>]\n           [--work-tree=<path>] [--namespace=<name>] [--config-env=<name>=<envvar>]\n           <command> [<args>]\n\nThese are common Git commands used in various situations:\n\nstart a working area (see also: git help tutorial)\n   clone      Clone a repository into a new directory\n   init       Create an empty Git repository or reinitialize an existing one\n\nwork on the current change (see also: git help everyday)\n   add        Add file contents to the index\n   mv         Move or rename a file, a directory, or a symlink\n   restore    Restore working tree files\n   rm         Remove files from the working tree and from the index\n\nexamine the history and state (see also: git help revisions)\n   bisect     Use binary search to find the commit that introduced a bug\n   diff       Show changes between commits, commit and working tree, etc\n   grep       Print lines matching a pattern\n   log        Show commit logs\n   show       Show various types of objects\n   status     Show the working tree status\n\ngrow, mark and tweak your common history\n   backfill   Download missing objects in a partial clone\n   branch     List, create, or delete branches\n   commit     Record changes to the repository\n   history    EXPERIMENTAL: Rewrite history\n   merge      Join two or more development histories together\n   rebase     Reapply commits on top of another base tip\n   reset      Set `HEAD` or the index to a known state\n   switch     Switch branches\n   tag        Create, list, delete or verify tags\n\ncollaborate (see also: git help workflows)\n   fetch      Download objects and refs from another repository\n   pull       Fetch from and integrate with another repository or a local branch\n   push       Update remote refs along with associated objects\n\n'git help -a' and 'git help -g' list available subcommands and some\nconcept guides. See 'git help <command>' or 'git help <concept>'\nto read about a specific subcommand or concept.\nSee 'git help git' for an overview of the system.\n""
[0m09:38:39.678595 [debug] [MainThread]: STDERR: "b''"
[0m09:38:39.678595 [info ] [MainThread]:  - git [[32mOK found[0m]

[0m09:38:39.680603 [info ] [MainThread]: Connection:
[0m09:38:39.680603 [info ] [MainThread]:   method: service-account
[0m09:38:39.681635 [info ] [MainThread]:   database: gbi-test
[0m09:38:39.681635 [info ] [MainThread]:   execution_project: gbi-test
[0m09:38:39.681635 [info ] [MainThread]:   schema: fiber
[0m09:38:39.681635 [info ] [MainThread]:   location: US
[0m09:38:39.681635 [info ] [MainThread]:   priority: interactive
[0m09:38:39.681635 [info ] [MainThread]:   maximum_bytes_billed: None
[0m09:38:39.681635 [info ] [MainThread]:   impersonate_service_account: None
[0m09:38:39.681635 [info ] [MainThread]:   job_retry_deadline_seconds: None
[0m09:38:39.681635 [info ] [MainThread]:   job_retries: 1
[0m09:38:39.681635 [info ] [MainThread]:   job_creation_timeout_seconds: None
[0m09:38:39.681635 [info ] [MainThread]:   job_execution_timeout_seconds: 300
[0m09:38:39.681635 [info ] [MainThread]:   timeout_seconds: 300
[0m09:38:39.681635 [info ] [MainThread]:   client_id: None
[0m09:38:39.681635 [info ] [MainThread]:   token_uri: None
[0m09:38:39.681635 [info ] [MainThread]:   compute_region: None
[0m09:38:39.681635 [info ] [MainThread]:   dataproc_cluster_name: None
[0m09:38:39.681635 [info ] [MainThread]:   gcs_bucket: None
[0m09:38:39.681635 [info ] [MainThread]:   dataproc_batch: None
[0m09:38:39.681635 [info ] [MainThread]: Registered adapter: bigquery=1.11.3
[0m09:38:40.218137 [debug] [MainThread]: Acquiring new bigquery connection 'debug'
[0m09:38:40.218137 [debug] [MainThread]: On debug: select 1 as id
[0m09:38:40.219886 [debug] [MainThread]: Opening a new connection, currently in state init
[0m09:38:42.839860 [debug] [MainThread]: BigQuery adapter: https://console.cloud.google.com/bigquery?project=gbi-test&j=bq:US:dc9eb85e-4816-4441-b863-f43a266d7e9a&page=queryresults
[0m09:38:43.287439 [debug] [MainThread]: SQL status: OK in 0.452 seconds
[0m09:38:43.786397 [info ] [MainThread]:   Connection test: [[32mOK connection ok[0m]

[0m09:38:43.786397 [info ] [MainThread]: [32mAll checks passed![0m
[0m09:38:43.800136 [debug] [MainThread]: Command `dbt debug` succeeded at 09:38:43.800136 after 6.88 seconds
[0m09:38:43.800136 [debug] [MainThread]: Connection 'debug' was properly closed.
[0m09:38:43.800136 [debug] [MainThread]: Sending event: {'category': 'dbt', 'action': 'invocation', 'label': 'end', 'context': [<snowplow_tracker.self_describing_json.SelfDescribingJson object at 0x000001CF38A78230>, <snowplow_tracker.self_describing_json.SelfDescribingJson object at 0x000001CF38A55610>, <snowplow_tracker.self_describing_json.SelfDescribingJson object at 0x000001CF3726D5B0>]}
[0m09:38:43.800136 [debug] [MainThread]: Flushing usage events
[0m09:38:46.261558 [debug] [MainThread]: An error was encountered while trying to flush usage events
[0m09:38:57.990516 [debug] [MainThread]: Sending event: {'category': 'dbt', 'action': 'invocation', 'label': 'start', 'context': [<snowplow_tracker.self_describing_json.SelfDescribingJson object at 0x00000199E28EC5C0>, <snowplow_tracker.self_describing_json.SelfDescribingJson object at 0x00000199E58AC4A0>, <snowplow_tracker.self_describing_json.SelfDescribingJson object at 0x00000199E4F6D7F0>]}


============================== 09:38:57.997546 | cf20dc96-7602-4fdf-b321-6288658f4d34 ==============================
[0m09:38:57.997546 [info ] [MainThread]: Running with dbt=1.11.11
[0m09:38:57.997546 [debug] [MainThread]: running dbt with arguments {'version_check': 'True', 'no_print': 'None', 'static_parser': 'True', 'target_path': 'None', 'warn_error_options': 'WarnErrorOptionsV2(error=[], warn=[], silence=[])', 'printer_width': '80', 'write_json': 'True', 'empty': 'None', 'log_cache_events': 'False', 'introspect': 'True', 'cache_selected_only': 'False', 'fail_fast': 'False', 'debug': 'False', 'log_format': 'default', 'partial_parse': 'True', 'send_anonymous_usage_stats': 'True', 'quiet': 'False', 'warn_error': 'None', 'profiles_dir': 'C:\\Users\\newbi\\.dbt', 'indirect_selection': 'eager', 'invocation_command': 'dbt clean', 'use_colors': 'True', 'use_experimental_parser': 'False', 'log_path': 'C:\\Users\\newbi\\Documents\\Local_Documents\\google-fiber-fcr-capstone-dbt\\dbt\\logs'}
[0m09:38:58.165569 [debug] [MainThread]: Sending event: {'category': 'dbt', 'action': 'project_id', 'label': 'cf20dc96-7602-4fdf-b321-6288658f4d34', 'context': [<snowplow_tracker.self_describing_json.SelfDescribingJson object at 0x00000199E6F71940>]}
[0m09:38:58.347155 [debug] [MainThread]: Command `dbt clean` succeeded at 09:38:58.347155 after 0.52 seconds
[0m09:38:58.347155 [debug] [MainThread]: Sending event: {'category': 'dbt', 'action': 'invocation', 'label': 'end', 'context': [<snowplow_tracker.self_describing_json.SelfDescribingJson object at 0x00000199E442C7D0>, <snowplow_tracker.self_describing_json.SelfDescribingJson object at 0x00000199E2B2F410>, <snowplow_tracker.self_describing_json.SelfDescribingJson object at 0x00000199E29D5970>]}
[0m09:38:58.358459 [debug] [MainThread]: Flushing usage events
[0m09:39:03.306940 [debug] [MainThread]: An error was encountered while trying to flush usage events
[0m09:41:30.199292 [debug] [MainThread]: Sending event: {'category': 'dbt', 'action': 'invocation', 'label': 'start', 'context': [<snowplow_tracker.self_describing_json.SelfDescribingJson object at 0x000001EA29F8C320>, <snowplow_tracker.self_describing_json.SelfDescribingJson object at 0x000001EA2C161A00>, <snowplow_tracker.self_describing_json.SelfDescribingJson object at 0x000001EA2C160950>]}


============================== 09:41:30.207766 | 0a69bb3d-2158-424c-b0c8-2edb77dfe3cd ==============================
[0m09:41:30.207766 [info ] [MainThread]: Running with dbt=1.11.11
[0m09:41:30.207766 [debug] [MainThread]: running dbt with arguments {'version_check': 'True', 'no_print': 'None', 'static_parser': 'True', 'target_path': 'None', 'warn_error_options': 'WarnErrorOptionsV2(error=[], warn=[], silence=[])', 'printer_width': '80', 'write_json': 'True', 'introspect': 'True', 'log_cache_events': 'False', 'empty': 'None', 'cache_selected_only': 'False', 'log_format': 'default', 'debug': 'False', 'fail_fast': 'False', 'profiles_dir': 'C:\\Users\\newbi\\.dbt', 'send_anonymous_usage_stats': 'True', 'quiet': 'False', 'warn_error': 'None', 'partial_parse': 'True', 'invocation_command': 'dbt test', 'use_colors': 'True', 'indirect_selection': 'eager', 'use_experimental_parser': 'False', 'log_path': 'C:\\Users\\newbi\\Documents\\Local_Documents\\google-fiber-fcr-capstone-dbt\\dbt\\logs'}
[0m09:41:31.681757 [debug] [MainThread]: Sending event: {'category': 'dbt', 'action': 'project_id', 'label': '0a69bb3d-2158-424c-b0c8-2edb77dfe3cd', 'context': [<snowplow_tracker.self_describing_json.SelfDescribingJson object at 0x000001EA3F9447A0>]}
[0m09:41:31.797163 [debug] [MainThread]: Sending event: {'category': 'dbt', 'action': 'adapter_info', 'label': '0a69bb3d-2158-424c-b0c8-2edb77dfe3cd', 'context': [<snowplow_tracker.self_describing_json.SelfDescribingJson object at 0x000001EA2A1610D0>]}
[0m09:41:31.799805 [info ] [MainThread]: Registered adapter: bigquery=1.11.3
[0m09:41:33.376569 [error] [MainThread]: Encountered an error:
Compilation Error
  dbt found 2 package(s) specified in packages.yml, but only 0 package(s) installed in dbt_packages. Run "dbt deps" to install package dependencies.
[0m09:41:33.378593 [debug] [MainThread]: Command `dbt test` failed at 09:41:33.378593 after 3.37 seconds
[0m09:41:33.378593 [debug] [MainThread]: Sending event: {'category': 'dbt', 'action': 'invocation', 'label': 'end', 'context': [<snowplow_tracker.self_describing_json.SelfDescribingJson object at 0x000001EA2D3682F0>, <snowplow_tracker.self_describing_json.SelfDescribingJson object at 0x000001EA3D32EA50>, <snowplow_tracker.self_describing_json.SelfDescribingJson object at 0x000001EA3F7A59A0>]}
[0m09:41:33.378593 [debug] [MainThread]: Flushing usage events
[0m09:41:36.301369 [debug] [MainThread]: An error was encountered while trying to flush usage events
[0m10:15:45.699285 [debug] [MainThread]: Sending event: {'category': 'dbt', 'action': 'invocation', 'label': 'start', 'context': [<snowplow_tracker.self_describing_json.SelfDescribingJson object at 0x000001A62863D820>, <snowplow_tracker.self_describing_json.SelfDescribingJson object at 0x000001A625F1C440>, <snowplow_tracker.self_describing_json.SelfDescribingJson object at 0x000001A6289B2780>]}


============================== 10:15:45.701302 | ba7d0f53-d21b-45bb-95dc-fc0c909cedc9 ==============================
[0m10:15:45.701302 [info ] [MainThread]: Running with dbt=1.11.11
[0m10:15:45.701302 [debug] [MainThread]: running dbt with arguments {'version_check': 'True', 'no_print': 'None', 'static_parser': 'True', 'target_path': 'None', 'warn_error_options': 'WarnErrorOptionsV2(error=[], warn=[], silence=[])', 'printer_width': '80', 'write_json': 'True', 'introspect': 'True', 'log_cache_events': 'False', 'empty': 'None', 'cache_selected_only': 'False', 'fail_fast': 'False', 'debug': 'False', 'log_format': 'default', 'partial_parse': 'True', 'send_anonymous_usage_stats': 'True', 'quiet': 'False', 'warn_error': 'None', 'profiles_dir': 'C:\\Users\\newbi\\.dbt', 'indirect_selection': 'eager', 'use_colors': 'True', 'invocation_command': 'dbt debug', 'use_experimental_parser': 'False', 'log_path': 'C:\\Users\\newbi\\Documents\\Local_Documents\\google-fiber-fcr-capstone-dbt\\dbt\\logs'}
[0m10:15:45.731125 [info ] [MainThread]: dbt version: 1.11.11
[0m10:15:45.731125 [info ] [MainThread]: python version: 3.12.9
[0m10:15:45.731125 [info ] [MainThread]: python path: C:\Users\newbi\AppData\Local\Programs\Python\Python312\python.exe
[0m10:15:45.731125 [info ] [MainThread]: os info: Windows-11-10.0.26200-SP0
[0m10:15:47.408875 [info ] [MainThread]: Using profiles dir at C:\Users\newbi\.dbt
[0m10:15:47.408875 [info ] [MainThread]: Using profiles.yml file at C:\Users\newbi\.dbt\profiles.yml
[0m10:15:47.408875 [info ] [MainThread]: Using dbt_project.yml file at C:\Users\newbi\Documents\Local_Documents\google-fiber-fcr-capstone-dbt\dbt\dbt_project.yml
[0m10:15:47.408875 [info ] [MainThread]: adapter type: bigquery
[0m10:15:47.408875 [info ] [MainThread]: adapter version: 1.11.3
[0m10:15:47.505442 [info ] [MainThread]: Configuration:
[0m10:15:47.521136 [info ] [MainThread]:   profiles.yml file [[32mOK found and valid[0m]
[0m10:15:47.521136 [info ] [MainThread]:   dbt_project.yml file [[32mOK found and valid[0m]
[0m10:15:47.521136 [info ] [MainThread]: Required dependencies:
[0m10:15:47.521136 [debug] [MainThread]: Executing "git --help"
[0m10:15:47.566308 [debug] [MainThread]: STDOUT: "b"usage: git [-v | --version] [-h | --help] [-C <path>] [-c <name>=<value>]\n           [--exec-path[=<path>]] [--html-path] [--man-path] [--info-path]\n           [-p | --paginate | -P | --no-pager] [--no-replace-objects] [--no-lazy-fetch]\n           [--no-optional-locks] [--no-advice] [--bare] [--git-dir=<path>]\n           [--work-tree=<path>] [--namespace=<name>] [--config-env=<name>=<envvar>]\n           <command> [<args>]\n\nThese are common Git commands used in various situations:\n\nstart a working area (see also: git help tutorial)\n   clone      Clone a repository into a new directory\n   init       Create an empty Git repository or reinitialize an existing one\n\nwork on the current change (see also: git help everyday)\n   add        Add file contents to the index\n   mv         Move or rename a file, a directory, or a symlink\n   restore    Restore working tree files\n   rm         Remove files from the working tree and from the index\n\nexamine the history and state (see also: git help revisions)\n   bisect     Use binary search to find the commit that introduced a bug\n   diff       Show changes between commits, commit and working tree, etc\n   grep       Print lines matching a pattern\n   log        Show commit logs\n   show       Show various types of objects\n   status     Show the working tree status\n\ngrow, mark and tweak your common history\n   backfill   Download missing objects in a partial clone\n   branch     List, create, or delete branches\n   commit     Record changes to the repository\n   history    EXPERIMENTAL: Rewrite history\n   merge      Join two or more development histories together\n   rebase     Reapply commits on top of another base tip\n   reset      Set `HEAD` or the index to a known state\n   switch     Switch branches\n   tag        Create, list, delete or verify tags\n\ncollaborate (see also: git help workflows)\n   fetch      Download objects and refs from another repository\n   pull       Fetch from and integrate with another repository or a local branch\n   push       Update remote refs along with associated objects\n\n'git help -a' and 'git help -g' list available subcommands and some\nconcept guides. See 'git help <command>' or 'git help <concept>'\nto read about a specific subcommand or concept.\nSee 'git help git' for an overview of the system.\n""
[0m10:15:47.568315 [debug] [MainThread]: STDERR: "b''"
[0m10:15:47.568315 [info ] [MainThread]:  - git [[32mOK found[0m]

[0m10:15:47.568315 [info ] [MainThread]: Connection:
[0m10:15:47.568315 [info ] [MainThread]:   method: service-account
[0m10:15:47.568315 [info ] [MainThread]:   database: gbi-test
[0m10:15:47.568315 [info ] [MainThread]:   execution_project: gbi-test
[0m10:15:47.568315 [info ] [MainThread]:   schema: fiber
[0m10:15:47.568315 [info ] [MainThread]:   location: US
[0m10:15:47.571744 [info ] [MainThread]:   priority: interactive
[0m10:15:47.572202 [info ] [MainThread]:   maximum_bytes_billed: None
[0m10:15:47.572202 [info ] [MainThread]:   impersonate_service_account: None
[0m10:15:47.572202 [info ] [MainThread]:   job_retry_deadline_seconds: None
[0m10:15:47.572202 [info ] [MainThread]:   job_retries: 1
[0m10:15:47.572202 [info ] [MainThread]:   job_creation_timeout_seconds: None
[0m10:15:47.572202 [info ] [MainThread]:   job_execution_timeout_seconds: 300
[0m10:15:47.572202 [info ] [MainThread]:   timeout_seconds: 300
[0m10:15:47.572202 [info ] [MainThread]:   client_id: None
[0m10:15:47.572202 [info ] [MainThread]:   token_uri: None
[0m10:15:47.572202 [info ] [MainThread]:   compute_region: None
[0m10:15:47.572202 [info ] [MainThread]:   dataproc_cluster_name: None
[0m10:15:47.572202 [info ] [MainThread]:   gcs_bucket: None
[0m10:15:47.578437 [info ] [MainThread]:   dataproc_batch: None
[0m10:15:47.579406 [info ] [MainThread]: Registered adapter: bigquery=1.11.3
[0m10:15:48.006951 [debug] [MainThread]: Acquiring new bigquery connection 'debug'
[0m10:15:48.008959 [debug] [MainThread]: On debug: select 1 as id
[0m10:15:48.008959 [debug] [MainThread]: Opening a new connection, currently in state init
[0m10:15:49.762925 [debug] [MainThread]: BigQuery adapter: https://console.cloud.google.com/bigquery?project=gbi-test&j=bq:US:422777f2-5279-40c7-883c-82493b41232b&page=queryresults
[0m10:15:50.183517 [debug] [MainThread]: SQL status: OK in 0.410 seconds
[0m10:15:50.703499 [info ] [MainThread]:   Connection test: [[32mOK connection ok[0m]

[0m10:15:50.703499 [info ] [MainThread]: [32mAll checks passed![0m
[0m10:15:50.703499 [debug] [MainThread]: Command `dbt debug` succeeded at 10:15:50.703499 after 5.19 seconds
[0m10:15:50.703499 [debug] [MainThread]: Connection 'debug' was properly closed.
[0m10:15:50.703499 [debug] [MainThread]: Sending event: {'category': 'dbt', 'action': 'invocation', 'label': 'end', 'context': [<snowplow_tracker.self_describing_json.SelfDescribingJson object at 0x000001A6289B2780>, <snowplow_tracker.self_describing_json.SelfDescribingJson object at 0x000001A628744FE0>, <snowplow_tracker.self_describing_json.SelfDescribingJson object at 0x000001A62891AFF0>]}
[0m10:15:50.703499 [debug] [MainThread]: Flushing usage events
[0m10:15:52.078002 [debug] [MainThread]: An error was encountered while trying to flush usage events
[0m10:16:13.516479 [debug] [MainThread]: Sending event: {'category': 'dbt', 'action': 'invocation', 'label': 'start', 'context': [<snowplow_tracker.self_describing_json.SelfDescribingJson object at 0x000002405C5B0770>, <snowplow_tracker.self_describing_json.SelfDescribingJson object at 0x0000024059901EB0>, <snowplow_tracker.self_describing_json.SelfDescribingJson object at 0x000002405C43BDD0>]}


============================== 10:16:13.532258 | eac326cc-32ab-432e-a9f4-433d839f13b1 ==============================
[0m10:16:13.532258 [info ] [MainThread]: Running with dbt=1.11.11
[0m10:16:13.532258 [debug] [MainThread]: running dbt with arguments {'version_check': 'True', 'no_print': 'None', 'static_parser': 'True', 'warn_error_options': 'WarnErrorOptionsV2(error=[], warn=[], silence=[])', 'target_path': 'None', 'printer_width': '80', 'write_json': 'True', 'introspect': 'True', 'log_cache_events': 'False', 'empty': 'None', 'cache_selected_only': 'False', 'log_format': 'default', 'debug': 'False', 'fail_fast': 'False', 'partial_parse': 'True', 'send_anonymous_usage_stats': 'True', 'quiet': 'False', 'warn_error': 'None', 'profiles_dir': 'C:\\Users\\newbi\\.dbt', 'invocation_command': 'dbt docs generate', 'use_colors': 'True', 'indirect_selection': 'eager', 'use_experimental_parser': 'False', 'log_path': 'C:\\Users\\newbi\\Documents\\Local_Documents\\google-fiber-fcr-capstone-dbt\\dbt\\logs'}
[0m10:16:14.663432 [debug] [MainThread]: Sending event: {'category': 'dbt', 'action': 'project_id', 'label': 'eac326cc-32ab-432e-a9f4-433d839f13b1', 'context': [<snowplow_tracker.self_describing_json.SelfDescribingJson object at 0x000002406E47F5C0>]}
[0m10:16:14.726630 [debug] [MainThread]: Sending event: {'category': 'dbt', 'action': 'adapter_info', 'label': 'eac326cc-32ab-432e-a9f4-433d839f13b1', 'context': [<snowplow_tracker.self_describing_json.SelfDescribingJson object at 0x000002405983B590>]}
[0m10:16:14.726630 [info ] [MainThread]: Registered adapter: bigquery=1.11.3
[0m10:16:15.092785 [error] [MainThread]: Encountered an error:
Compilation Error
  dbt found 2 package(s) specified in packages.yml, but only 0 package(s) installed in dbt_packages. Run "dbt deps" to install package dependencies.
[0m10:16:15.092785 [debug] [MainThread]: Command `dbt docs generate` failed at 10:16:15.092785 after 1.70 seconds
[0m10:16:15.092785 [debug] [MainThread]: Sending event: {'category': 'dbt', 'action': 'invocation', 'label': 'end', 'context': [<snowplow_tracker.self_describing_json.SelfDescribingJson object at 0x000002405C9149B0>, <snowplow_tracker.self_describing_json.SelfDescribingJson object at 0x000002406F01E3C0>, <snowplow_tracker.self_describing_json.SelfDescribingJson object at 0x000002406CA3F2C0>]}
[0m10:16:15.092785 [debug] [MainThread]: Flushing usage events
[0m10:16:16.386555 [debug] [MainThread]: An error was encountered while trying to flush usage events
[0m10:16:39.044997 [debug] [MainThread]: Sending event: {'category': 'dbt', 'action': 'invocation', 'label': 'start', 'context': [<snowplow_tracker.self_describing_json.SelfDescribingJson object at 0x0000012ED0EA9F40>, <snowplow_tracker.self_describing_json.SelfDescribingJson object at 0x0000012ECDB9C830>, <snowplow_tracker.self_describing_json.SelfDescribingJson object at 0x0000012ECE4B6F60>]}


============================== 10:16:39.051201 | 8c050a93-56c6-4697-9cb7-de32b6a04426 ==============================
[0m10:16:39.051201 [info ] [MainThread]: Running with dbt=1.11.11
[0m10:16:39.051201 [debug] [MainThread]: running dbt with arguments {'static_parser': 'True', 'no_print': 'None', 'version_check': 'True', 'warn_error_options': 'WarnErrorOptionsV2(error=[], warn=[], silence=[])', 'target_path': 'None', 'printer_width': '80', 'write_json': 'True', 'empty': 'None', 'log_cache_events': 'False', 'introspect': 'True', 'cache_selected_only': 'False', 'log_format': 'default', 'debug': 'False', 'fail_fast': 'False', 'partial_parse': 'True', 'send_anonymous_usage_stats': 'True', 'quiet': 'False', 'warn_error': 'None', 'profiles_dir': 'C:\\Users\\newbi\\.dbt', 'invocation_command': 'dbt deps', 'indirect_selection': 'eager', 'use_colors': 'True', 'use_experimental_parser': 'False', 'log_path': 'C:\\Users\\newbi\\Documents\\Local_Documents\\google-fiber-fcr-capstone-dbt\\dbt\\logs'}
[0m10:16:39.228978 [debug] [MainThread]: Sending event: {'category': 'dbt', 'action': 'project_id', 'label': '8c050a93-56c6-4697-9cb7-de32b6a04426', 'context': [<snowplow_tracker.self_describing_json.SelfDescribingJson object at 0x0000012ED220C560>]}
[0m10:16:39.279351 [debug] [MainThread]: Set downloads directory='C:\Users\newbi\AppData\Local\Temp\dbt-downloads-2noess2e'
[0m10:16:39.279351 [debug] [MainThread]: Making package index registry request: GET https://hub.getdbt.com/api/v1/index.json
[0m10:16:39.713574 [debug] [MainThread]: Response from registry index: GET https://hub.getdbt.com/api/v1/index.json 200
[0m10:16:39.714621 [debug] [MainThread]: Making package registry request: GET https://hub.getdbt.com/api/v1/dbt-labs/dbt_utils.json
[0m10:16:40.059902 [debug] [MainThread]: Response from registry: GET https://hub.getdbt.com/api/v1/dbt-labs/dbt_utils.json 200
[0m10:16:40.059902 [debug] [MainThread]: Making package registry request: GET https://hub.getdbt.com/api/v1/calogica/dbt_expectations.json
[0m10:16:40.351871 [debug] [MainThread]: Response from registry: GET https://hub.getdbt.com/api/v1/calogica/dbt_expectations.json 200
[0m10:16:40.355484 [warn ] [MainThread]: [[33mWARNING[0m]: Deprecated functionality
The `calogica/dbt_expectations` package is deprecated in favor of
`metaplane/dbt_expectations`. Please update your `packages.yml` configuration to
use `metaplane/dbt_expectations` instead.
[0m10:16:40.355484 [debug] [MainThread]: Sending event: {'category': 'dbt', 'action': 'deprecation', 'label': '8c050a93-56c6-4697-9cb7-de32b6a04426', 'property_': 'warn', 'context': [<snowplow_tracker.self_describing_json.SelfDescribingJson object at 0x0000012ED224E9F0>]}
[0m10:16:40.360221 [debug] [MainThread]: Making package registry request: GET https://hub.getdbt.com/api/v1/calogica/dbt_date.json
[0m10:16:40.672183 [debug] [MainThread]: Response from registry: GET https://hub.getdbt.com/api/v1/calogica/dbt_date.json 200
[0m10:16:40.695846 [info ] [MainThread]: Updating lock file in file path: C:\Users\newbi\Documents\Local_Documents\google-fiber-fcr-capstone-dbt\dbt/package-lock.yml
[0m10:16:40.711953 [debug] [MainThread]: Set downloads directory='C:\Users\newbi\AppData\Local\Temp\dbt-downloads-dvv3966z'
[0m10:16:40.722631 [info ] [MainThread]: Installing dbt-labs/dbt_utils
[0m10:16:41.866407 [info ] [MainThread]: Installed from version 1.4.1
[0m10:16:41.866407 [info ] [MainThread]: Up to date!
[0m10:16:41.866407 [debug] [MainThread]: Sending event: {'category': 'dbt', 'action': 'package', 'label': '8c050a93-56c6-4697-9cb7-de32b6a04426', 'property_': 'install', 'context': [<snowplow_tracker.self_describing_json.SelfDescribingJson object at 0x0000012ED2379C70>, <snowplow_tracker.self_describing_json.SelfDescribingJson object at 0x0000012ED03AB6B0>]}
[0m10:16:41.868155 [info ] [MainThread]: Installing calogica/dbt_expectations
[0m10:16:44.901117 [info ] [MainThread]: Installed from version 0.10.4
[0m10:16:44.901117 [info ] [MainThread]: Up to date!
[0m10:16:44.901117 [debug] [MainThread]: Sending event: {'category': 'dbt', 'action': 'package', 'label': '8c050a93-56c6-4697-9cb7-de32b6a04426', 'property_': 'install', 'context': [<snowplow_tracker.self_describing_json.SelfDescribingJson object at 0x0000012ED255CFB0>, <snowplow_tracker.self_describing_json.SelfDescribingJson object at 0x0000012ED224C2F0>]}
[0m10:16:44.901117 [info ] [MainThread]: Installing calogica/dbt_date
[0m10:16:45.679331 [info ] [MainThread]: Installed from version 0.10.1
[0m10:16:45.679331 [info ] [MainThread]: Up to date!
[0m10:16:45.679331 [debug] [MainThread]: Sending event: {'category': 'dbt', 'action': 'package', 'label': '8c050a93-56c6-4697-9cb7-de32b6a04426', 'property_': 'install', 'context': [<snowplow_tracker.self_describing_json.SelfDescribingJson object at 0x0000012ED22FDD30>, <snowplow_tracker.self_describing_json.SelfDescribingJson object at 0x0000012ED25BF890>]}
[0m10:16:45.679331 [warn ] [MainThread]: [[33mWARNING[0m][DeprecationsSummary]: Deprecated functionality
Summary of encountered deprecations:
- PackageRedirectDeprecation: 2 occurrences
To see all deprecation instances instead of just the first occurrence of each,
run command again with the `--show-all-deprecations` flag. You may also need to
run with `--no-partial-parse` as some deprecations are only encountered during
parsing.
[0m10:16:45.679331 [debug] [MainThread]: Command `dbt deps` succeeded at 10:16:45.679331 after 6.79 seconds
[0m10:16:45.679331 [debug] [MainThread]: Sending event: {'category': 'dbt', 'action': 'invocation', 'label': 'end', 'context': [<snowplow_tracker.self_describing_json.SelfDescribingJson object at 0x0000012ED22324E0>, <snowplow_tracker.self_describing_json.SelfDescribingJson object at 0x0000012ED0A2F8C0>, <snowplow_tracker.self_describing_json.SelfDescribingJson object at 0x0000012ED0A2D4C0>]}
[0m10:16:45.679331 [debug] [MainThread]: Flushing usage events
[0m10:16:46.943888 [debug] [MainThread]: An error was encountered while trying to flush usage events
[0m10:17:00.649009 [debug] [MainThread]: Sending event: {'category': 'dbt', 'action': 'invocation', 'label': 'start', 'context': [<snowplow_tracker.self_describing_json.SelfDescribingJson object at 0x0000025A48E86C90>, <snowplow_tracker.self_describing_json.SelfDescribingJson object at 0x0000025A47C5BE00>, <snowplow_tracker.self_describing_json.SelfDescribingJson object at 0x0000025A4B1D1EB0>]}


============================== 10:17:00.653126 | 009d7e76-1dfc-4250-9fda-eab168233132 ==============================
[0m10:17:00.653126 [info ] [MainThread]: Running with dbt=1.11.11
[0m10:17:00.653126 [debug] [MainThread]: running dbt with arguments {'version_check': 'True', 'no_print': 'None', 'static_parser': 'True', 'warn_error_options': 'WarnErrorOptionsV2(error=[], warn=[], silence=[])', 'target_path': 'None', 'printer_width': '80', 'write_json': 'True', 'introspect': 'True', 'log_cache_events': 'False', 'empty': 'None', 'cache_selected_only': 'False', 'log_format': 'default', 'debug': 'False', 'fail_fast': 'False', 'partial_parse': 'True', 'send_anonymous_usage_stats': 'True', 'quiet': 'False', 'warn_error': 'None', 'profiles_dir': 'C:\\Users\\newbi\\.dbt', 'use_colors': 'True', 'invocation_command': 'dbt debug', 'indirect_selection': 'eager', 'use_experimental_parser': 'False', 'log_path': 'C:\\Users\\newbi\\Documents\\Local_Documents\\google-fiber-fcr-capstone-dbt\\dbt\\logs'}
[0m10:17:00.680767 [info ] [MainThread]: dbt version: 1.11.11
[0m10:17:00.680767 [info ] [MainThread]: python version: 3.12.9
[0m10:17:00.682774 [info ] [MainThread]: python path: C:\Users\newbi\AppData\Local\Programs\Python\Python312\python.exe
[0m10:17:00.682774 [info ] [MainThread]: os info: Windows-11-10.0.26200-SP0
[0m10:17:01.821201 [info ] [MainThread]: Using profiles dir at C:\Users\newbi\.dbt
[0m10:17:01.821201 [info ] [MainThread]: Using profiles.yml file at C:\Users\newbi\.dbt\profiles.yml
[0m10:17:01.821201 [info ] [MainThread]: Using dbt_project.yml file at C:\Users\newbi\Documents\Local_Documents\google-fiber-fcr-capstone-dbt\dbt\dbt_project.yml
[0m10:17:01.821201 [info ] [MainThread]: adapter type: bigquery
[0m10:17:01.821201 [info ] [MainThread]: adapter version: 1.11.3
[0m10:17:01.939639 [info ] [MainThread]: Configuration:
[0m10:17:01.939639 [info ] [MainThread]:   profiles.yml file [[32mOK found and valid[0m]
[0m10:17:01.939639 [info ] [MainThread]:   dbt_project.yml file [[32mOK found and valid[0m]
[0m10:17:01.939639 [info ] [MainThread]: Required dependencies:
[0m10:17:01.939639 [debug] [MainThread]: Executing "git --help"
[0m10:17:01.993788 [debug] [MainThread]: STDOUT: "b"usage: git [-v | --version] [-h | --help] [-C <path>] [-c <name>=<value>]\n           [--exec-path[=<path>]] [--html-path] [--man-path] [--info-path]\n           [-p | --paginate | -P | --no-pager] [--no-replace-objects] [--no-lazy-fetch]\n           [--no-optional-locks] [--no-advice] [--bare] [--git-dir=<path>]\n           [--work-tree=<path>] [--namespace=<name>] [--config-env=<name>=<envvar>]\n           <command> [<args>]\n\nThese are common Git commands used in various situations:\n\nstart a working area (see also: git help tutorial)\n   clone      Clone a repository into a new directory\n   init       Create an empty Git repository or reinitialize an existing one\n\nwork on the current change (see also: git help everyday)\n   add        Add file contents to the index\n   mv         Move or rename a file, a directory, or a symlink\n   restore    Restore working tree files\n   rm         Remove files from the working tree and from the index\n\nexamine the history and state (see also: git help revisions)\n   bisect     Use binary search to find the commit that introduced a bug\n   diff       Show changes between commits, commit and working tree, etc\n   grep       Print lines matching a pattern\n   log        Show commit logs\n   show       Show various types of objects\n   status     Show the working tree status\n\ngrow, mark and tweak your common history\n   backfill   Download missing objects in a partial clone\n   branch     List, create, or delete branches\n   commit     Record changes to the repository\n   history    EXPERIMENTAL: Rewrite history\n   merge      Join two or more development histories together\n   rebase     Reapply commits on top of another base tip\n   reset      Set `HEAD` or the index to a known state\n   switch     Switch branches\n   tag        Create, list, delete or verify tags\n\ncollaborate (see also: git help workflows)\n   fetch      Download objects and refs from another repository\n   pull       Fetch from and integrate with another repository or a local branch\n   push       Update remote refs along with associated objects\n\n'git help -a' and 'git help -g' list available subcommands and some\nconcept guides. See 'git help <command>' or 'git help <concept>'\nto read about a specific subcommand or concept.\nSee 'git help git' for an overview of the system.\n""
[0m10:17:01.993788 [debug] [MainThread]: STDERR: "b''"
[0m10:17:01.994784 [info ] [MainThread]:  - git [[32mOK found[0m]

[0m10:17:01.994784 [info ] [MainThread]: Connection:
[0m10:17:01.994784 [info ] [MainThread]:   method: service-account
[0m10:17:01.995789 [info ] [MainThread]:   database: gbi-test
[0m10:17:01.995789 [info ] [MainThread]:   execution_project: gbi-test
[0m10:17:01.995789 [info ] [MainThread]:   schema: fiber
[0m10:17:01.996789 [info ] [MainThread]:   location: US
[0m10:17:01.996789 [info ] [MainThread]:   priority: interactive
[0m10:17:01.996789 [info ] [MainThread]:   maximum_bytes_billed: None
[0m10:17:01.997788 [info ] [MainThread]:   impersonate_service_account: None
[0m10:17:01.997788 [info ] [MainThread]:   job_retry_deadline_seconds: None
[0m10:17:01.998788 [info ] [MainThread]:   job_retries: 1
[0m10:17:01.998788 [info ] [MainThread]:   job_creation_timeout_seconds: None
[0m10:17:01.998788 [info ] [MainThread]:   job_execution_timeout_seconds: 300
[0m10:17:01.999790 [info ] [MainThread]:   timeout_seconds: 300
[0m10:17:01.999790 [info ] [MainThread]:   client_id: None
[0m10:17:02.000786 [info ] [MainThread]:   token_uri: None
[0m10:17:02.000786 [info ] [MainThread]:   compute_region: None
[0m10:17:02.001787 [info ] [MainThread]:   dataproc_cluster_name: None
[0m10:17:02.001787 [info ] [MainThread]:   gcs_bucket: None
[0m10:17:02.002787 [info ] [MainThread]:   dataproc_batch: None
[0m10:17:02.002787 [info ] [MainThread]: Registered adapter: bigquery=1.11.3
[0m10:17:02.398726 [debug] [MainThread]: Acquiring new bigquery connection 'debug'
[0m10:17:02.398726 [debug] [MainThread]: On debug: select 1 as id
[0m10:17:02.398726 [debug] [MainThread]: Opening a new connection, currently in state init
[0m10:17:03.899241 [debug] [MainThread]: BigQuery adapter: https://console.cloud.google.com/bigquery?project=gbi-test&j=bq:US:048a9e0f-0417-4181-93be-6030ca1c929f&page=queryresults
[0m10:17:04.321510 [debug] [MainThread]: SQL status: OK in 0.422 seconds
[0m10:17:04.790520 [info ] [MainThread]:   Connection test: [[32mOK connection ok[0m]

[0m10:17:04.790520 [info ] [MainThread]: [32mAll checks passed![0m
[0m10:17:04.790520 [debug] [MainThread]: Command `dbt debug` succeeded at 10:17:04.790520 after 4.27 seconds
[0m10:17:04.790520 [debug] [MainThread]: Connection 'debug' was properly closed.
[0m10:17:04.790520 [debug] [MainThread]: Sending event: {'category': 'dbt', 'action': 'invocation', 'label': 'end', 'context': [<snowplow_tracker.self_describing_json.SelfDescribingJson object at 0x0000025A4B1D1EB0>, <snowplow_tracker.self_describing_json.SelfDescribingJson object at 0x0000025A5D9621B0>, <snowplow_tracker.self_describing_json.SelfDescribingJson object at 0x0000025A4A8D1820>]}
[0m10:17:04.790520 [debug] [MainThread]: Flushing usage events
[0m10:17:06.057042 [debug] [MainThread]: An error was encountered while trying to flush usage events
[0m10:17:20.157845 [debug] [MainThread]: Sending event: {'category': 'dbt', 'action': 'invocation', 'label': 'start', 'context': [<snowplow_tracker.self_describing_json.SelfDescribingJson object at 0x000002D85CBCEDB0>, <snowplow_tracker.self_describing_json.SelfDescribingJson object at 0x000002D859A14B00>, <snowplow_tracker.self_describing_json.SelfDescribingJson object at 0x000002D85D30C710>]}


============================== 10:17:20.172521 | 5cffb36d-38c9-4b18-b066-00a8e0e6793a ==============================
[0m10:17:20.172521 [info ] [MainThread]: Running with dbt=1.11.11
[0m10:17:20.173519 [debug] [MainThread]: running dbt with arguments {'static_parser': 'True', 'no_print': 'None', 'version_check': 'True', 'warn_error_options': 'WarnErrorOptionsV2(error=[], warn=[], silence=[])', 'target_path': 'None', 'printer_width': '80', 'write_json': 'True', 'empty': 'None', 'log_cache_events': 'False', 'introspect': 'True', 'cache_selected_only': 'False', 'log_format': 'default', 'debug': 'False', 'fail_fast': 'False', 'partial_parse': 'True', 'send_anonymous_usage_stats': 'True', 'quiet': 'False', 'warn_error': 'None', 'profiles_dir': 'C:\\Users\\newbi\\.dbt', 'indirect_selection': 'eager', 'invocation_command': 'dbt docs generate', 'use_colors': 'True', 'use_experimental_parser': 'False', 'log_path': 'C:\\Users\\newbi\\Documents\\Local_Documents\\google-fiber-fcr-capstone-dbt\\dbt\\logs'}
[0m10:17:22.803623 [debug] [MainThread]: Sending event: {'category': 'dbt', 'action': 'project_id', 'label': '5cffb36d-38c9-4b18-b066-00a8e0e6793a', 'context': [<snowplow_tracker.self_describing_json.SelfDescribingJson object at 0x000002D86FD5E6C0>]}
[0m10:17:22.851155 [debug] [MainThread]: Sending event: {'category': 'dbt', 'action': 'adapter_info', 'label': '5cffb36d-38c9-4b18-b066-00a8e0e6793a', 'context': [<snowplow_tracker.self_describing_json.SelfDescribingJson object at 0x000002D86F32DBE0>]}
[0m10:17:22.851155 [info ] [MainThread]: Registered adapter: bigquery=1.11.3
[0m10:17:23.381337 [debug] [MainThread]: checksum: 30a8cc8fdcbf66701b0944d4ccce3fa46dd04b61e5df68b9f16d57b2e0e3f0be, vars: {}, profile: , target: , version: 1.11.11
[0m10:17:23.396549 [info ] [MainThread]: Unable to do partial parsing because saved manifest not found. Starting full parse.
[0m10:17:23.397076 [debug] [MainThread]: Sending event: {'category': 'dbt', 'action': 'partial_parser', 'label': '5cffb36d-38c9-4b18-b066-00a8e0e6793a', 'context': [<snowplow_tracker.self_describing_json.SelfDescribingJson object at 0x000002D86FEB3AD0>]}
[0m10:17:28.032554 [debug] [MainThread]: Sending event: {'category': 'dbt', 'action': 'load_project', 'label': '5cffb36d-38c9-4b18-b066-00a8e0e6793a', 'context': [<snowplow_tracker.self_describing_json.SelfDescribingJson object at 0x000002D87191E840>]}
[0m10:17:28.055076 [debug] [MainThread]: Sending event: {'category': 'dbt', 'action': 'resource_counts', 'label': '5cffb36d-38c9-4b18-b066-00a8e0e6793a', 'context': [<snowplow_tracker.self_describing_json.SelfDescribingJson object at 0x000002D87175C8F0>]}
[0m10:17:28.055076 [info ] [MainThread]: Found 4 models, 1 analysis, 39 data tests, 3 sources, 937 macros
[0m10:17:28.060953 [debug] [MainThread]: Sending event: {'category': 'dbt', 'action': 'runnable_timing', 'label': '5cffb36d-38c9-4b18-b066-00a8e0e6793a', 'context': [<snowplow_tracker.self_describing_json.SelfDescribingJson object at 0x000002D8716CA0F0>]}
[0m10:17:28.063783 [info ] [MainThread]: 
[0m10:17:28.063783 [info ] [MainThread]: Concurrency: 4 threads (target='dev')
[0m10:17:28.063783 [info ] [MainThread]: 
[0m10:17:28.063783 [debug] [MainThread]: Acquiring new bigquery connection 'master'
[0m10:17:28.070049 [debug] [ThreadPool]: Acquiring new bigquery connection 'list_gbi-test_fiber'
[0m10:17:28.070757 [debug] [ThreadPool]: Opening a new connection, currently in state init
[0m10:17:29.412138 [debug] [MainThread]: Sending event: {'category': 'dbt', 'action': 'runnable_timing', 'label': '5cffb36d-38c9-4b18-b066-00a8e0e6793a', 'context': [<snowplow_tracker.self_describing_json.SelfDescribingJson object at 0x000002D85A6E74D0>]}
[0m10:17:29.412138 [debug] [MainThread]: Opening a new connection, currently in state init
[0m10:17:29.503804 [debug] [Thread-2 (]: Began running node model.google_fiber.stg_market_1
[0m10:17:29.503804 [debug] [Thread-3 (]: Began running node model.google_fiber.stg_market_2
[0m10:17:29.503804 [debug] [Thread-4 (]: Began running node model.google_fiber.stg_market_3
[0m10:17:29.503804 [debug] [Thread-2 (]: Acquiring new bigquery connection 'model.google_fiber.stg_market_1'
[0m10:17:29.503804 [debug] [Thread-3 (]: Acquiring new bigquery connection 'model.google_fiber.stg_market_2'
[0m10:17:29.503804 [debug] [Thread-4 (]: Acquiring new bigquery connection 'model.google_fiber.stg_market_3'
[0m10:17:29.503804 [debug] [Thread-2 (]: Began compiling node model.google_fiber.stg_market_1
[0m10:17:29.503804 [debug] [Thread-3 (]: Began compiling node model.google_fiber.stg_market_2
[0m10:17:29.503804 [debug] [Thread-4 (]: Began compiling node model.google_fiber.stg_market_3
[0m10:17:29.518014 [debug] [Thread-2 (]: Writing injected SQL for node "model.google_fiber.stg_market_1"
[0m10:17:29.518014 [debug] [Thread-3 (]: Writing injected SQL for node "model.google_fiber.stg_market_2"
[0m10:17:29.526392 [debug] [Thread-4 (]: Writing injected SQL for node "model.google_fiber.stg_market_3"
[0m10:17:29.526392 [debug] [Thread-3 (]: Began executing node model.google_fiber.stg_market_2
[0m10:17:29.526392 [debug] [Thread-2 (]: Began executing node model.google_fiber.stg_market_1
[0m10:17:29.526392 [debug] [Thread-3 (]: Opening a new connection, currently in state init
[0m10:17:29.533631 [debug] [Thread-4 (]: Began executing node model.google_fiber.stg_market_3
[0m10:17:29.526392 [debug] [Thread-2 (]: Opening a new connection, currently in state init
[0m10:17:29.534640 [debug] [Thread-4 (]: Opening a new connection, currently in state init
[0m10:17:29.628886 [debug] [Thread-3 (]: Finished running node model.google_fiber.stg_market_2
[0m10:17:29.633539 [debug] [Thread-2 (]: Finished running node model.google_fiber.stg_market_1
[0m10:17:29.680713 [debug] [Thread-5 (]: Began running node test.google_fiber.dbt_utils_expression_is_true_stg_market_2_contacts_n___0.0b21f12e45
[0m10:17:29.680713 [debug] [Thread-3 (]: Began running node test.google_fiber.not_null_stg_market_2_contacts_n.05421176c1
[0m10:17:29.683496 [debug] [Thread-4 (]: Finished running node model.google_fiber.stg_market_3
[0m10:17:29.684504 [debug] [Thread-2 (]: Began running node test.google_fiber.not_null_stg_market_2_date_created.e43a54f190
[0m10:17:29.685505 [debug] [Thread-5 (]: Acquiring new bigquery connection 'test.google_fiber.dbt_utils_expression_is_true_stg_market_2_contacts_n___0.0b21f12e45'
[0m10:17:29.685505 [debug] [Thread-3 (]: Re-using an available connection from the pool (formerly model.google_fiber.stg_market_2, now test.google_fiber.not_null_stg_market_2_contacts_n.05421176c1)
[0m10:17:29.686504 [debug] [Thread-4 (]: Began running node test.google_fiber.not_null_stg_market_2_new_market.4d0b681bb5
[0m10:17:29.687505 [debug] [Thread-2 (]: Re-using an available connection from the pool (formerly model.google_fiber.stg_market_1, now test.google_fiber.not_null_stg_market_2_date_created.e43a54f190)
[0m10:17:29.688505 [debug] [Thread-5 (]: Began compiling node test.google_fiber.dbt_utils_expression_is_true_stg_market_2_contacts_n___0.0b21f12e45
[0m10:17:29.689504 [debug] [Thread-3 (]: Began compiling node test.google_fiber.not_null_stg_market_2_contacts_n.05421176c1
[0m10:17:29.689504 [debug] [Thread-4 (]: Re-using an available connection from the pool (formerly model.google_fiber.stg_market_3, now test.google_fiber.not_null_stg_market_2_new_market.4d0b681bb5)
[0m10:17:29.690505 [debug] [Thread-2 (]: Began compiling node test.google_fiber.not_null_stg_market_2_date_created.e43a54f190
[0m10:17:29.692506 [debug] [Thread-5 (]: Writing injected SQL for node "test.google_fiber.dbt_utils_expression_is_true_stg_market_2_contacts_n___0.0b21f12e45"
[0m10:17:29.708001 [debug] [Thread-3 (]: Writing injected SQL for node "test.google_fiber.not_null_stg_market_2_contacts_n.05421176c1"
[0m10:17:29.708001 [debug] [Thread-4 (]: Began compiling node test.google_fiber.not_null_stg_market_2_new_market.4d0b681bb5
[0m10:17:29.718301 [debug] [Thread-2 (]: Writing injected SQL for node "test.google_fiber.not_null_stg_market_2_date_created.e43a54f190"
[0m10:17:29.724153 [debug] [Thread-4 (]: Writing injected SQL for node "test.google_fiber.not_null_stg_market_2_new_market.4d0b681bb5"
[0m10:17:29.724153 [debug] [Thread-5 (]: Began executing node test.google_fiber.dbt_utils_expression_is_true_stg_market_2_contacts_n___0.0b21f12e45
[0m10:17:29.724153 [debug] [Thread-5 (]: Opening a new connection, currently in state init
[0m10:17:29.724153 [debug] [Thread-2 (]: Began executing node test.google_fiber.not_null_stg_market_2_date_created.e43a54f190
[0m10:17:29.724153 [debug] [Thread-4 (]: Began executing node test.google_fiber.not_null_stg_market_2_new_market.4d0b681bb5
[0m10:17:29.724153 [debug] [Thread-3 (]: Began executing node test.google_fiber.not_null_stg_market_2_contacts_n.05421176c1
[0m10:17:29.724153 [debug] [Thread-2 (]: Opening a new connection, currently in state closed
[0m10:17:29.772745 [debug] [Thread-4 (]: Opening a new connection, currently in state closed
[0m10:17:29.773747 [debug] [Thread-5 (]: Finished running node test.google_fiber.dbt_utils_expression_is_true_stg_market_2_contacts_n___0.0b21f12e45
[0m10:17:29.773747 [debug] [Thread-3 (]: Opening a new connection, currently in state closed
[0m10:17:29.774747 [debug] [Thread-5 (]: Began running node test.google_fiber.not_null_stg_market_2_new_type.3c72971987
[0m10:17:29.851403 [debug] [Thread-2 (]: Finished running node test.google_fiber.not_null_stg_market_2_date_created.e43a54f190
[0m10:17:29.851403 [debug] [Thread-4 (]: Finished running node test.google_fiber.not_null_stg_market_2_new_market.4d0b681bb5
[0m10:17:29.851403 [debug] [Thread-5 (]: Re-using an available connection from the pool (formerly test.google_fiber.dbt_utils_expression_is_true_stg_market_2_contacts_n___0.0b21f12e45, now test.google_fiber.not_null_stg_market_2_new_type.3c72971987)
[0m10:17:29.851403 [debug] [Thread-2 (]: Began running node test.google_fiber.dbt_utils_expression_is_true_stg_market_1_contacts_n___0.30f91f99d2
[0m10:17:29.851403 [debug] [Thread-4 (]: Began running node test.google_fiber.not_null_stg_market_1_contacts_n.9230153d9e
[0m10:17:29.851403 [debug] [Thread-5 (]: Began compiling node test.google_fiber.not_null_stg_market_2_new_type.3c72971987
[0m10:17:29.884698 [debug] [Thread-2 (]: Re-using an available connection from the pool (formerly test.google_fiber.not_null_stg_market_2_date_created.e43a54f190, now test.google_fiber.dbt_utils_expression_is_true_stg_market_1_contacts_n___0.30f91f99d2)
[0m10:17:29.884698 [debug] [Thread-4 (]: Re-using an available connection from the pool (formerly test.google_fiber.not_null_stg_market_2_new_market.4d0b681bb5, now test.google_fiber.not_null_stg_market_1_contacts_n.9230153d9e)
[0m10:17:29.884698 [debug] [Thread-3 (]: Finished running node test.google_fiber.not_null_stg_market_2_contacts_n.05421176c1
[0m10:17:29.902010 [debug] [Thread-5 (]: Writing injected SQL for node "test.google_fiber.not_null_stg_market_2_new_type.3c72971987"
[0m10:17:29.903010 [debug] [Thread-2 (]: Began compiling node test.google_fiber.dbt_utils_expression_is_true_stg_market_1_contacts_n___0.30f91f99d2
[0m10:17:29.903485 [debug] [Thread-4 (]: Began compiling node test.google_fiber.not_null_stg_market_1_contacts_n.9230153d9e
[0m10:17:29.903485 [debug] [Thread-3 (]: Began running node test.google_fiber.not_null_stg_market_1_date_created.0b368dc9bf
[0m10:17:29.903485 [debug] [Thread-2 (]: Writing injected SQL for node "test.google_fiber.dbt_utils_expression_is_true_stg_market_1_contacts_n___0.30f91f99d2"
[0m10:17:29.903485 [debug] [Thread-4 (]: Writing injected SQL for node "test.google_fiber.not_null_stg_market_1_contacts_n.9230153d9e"
[0m10:17:29.903485 [debug] [Thread-3 (]: Re-using an available connection from the pool (formerly test.google_fiber.not_null_stg_market_2_contacts_n.05421176c1, now test.google_fiber.not_null_stg_market_1_date_created.0b368dc9bf)
[0m10:17:29.903485 [debug] [Thread-5 (]: Began executing node test.google_fiber.not_null_stg_market_2_new_type.3c72971987
[0m10:17:29.903485 [debug] [Thread-3 (]: Began compiling node test.google_fiber.not_null_stg_market_1_date_created.0b368dc9bf
[0m10:17:29.903485 [debug] [Thread-5 (]: Opening a new connection, currently in state closed
[0m10:17:29.917446 [debug] [Thread-3 (]: Writing injected SQL for node "test.google_fiber.not_null_stg_market_1_date_created.0b368dc9bf"
[0m10:17:29.917446 [debug] [Thread-4 (]: Began executing node test.google_fiber.not_null_stg_market_1_contacts_n.9230153d9e
[0m10:17:29.950816 [debug] [Thread-5 (]: Finished running node test.google_fiber.not_null_stg_market_2_new_type.3c72971987
[0m10:17:29.950816 [debug] [Thread-4 (]: Opening a new connection, currently in state closed
[0m10:17:29.950816 [debug] [Thread-5 (]: Began running node test.google_fiber.not_null_stg_market_1_new_market.819377fe1e
[0m10:17:29.950816 [debug] [Thread-2 (]: Began executing node test.google_fiber.dbt_utils_expression_is_true_stg_market_1_contacts_n___0.30f91f99d2
[0m10:17:29.950816 [debug] [Thread-3 (]: Began executing node test.google_fiber.not_null_stg_market_1_date_created.0b368dc9bf
[0m10:17:29.993417 [debug] [Thread-5 (]: Re-using an available connection from the pool (formerly test.google_fiber.not_null_stg_market_2_new_type.3c72971987, now test.google_fiber.not_null_stg_market_1_new_market.819377fe1e)
[0m10:17:29.994406 [debug] [Thread-4 (]: Finished running node test.google_fiber.not_null_stg_market_1_contacts_n.9230153d9e
[0m10:17:29.995331 [debug] [Thread-2 (]: Opening a new connection, currently in state closed
[0m10:17:29.995331 [debug] [Thread-3 (]: Opening a new connection, currently in state closed
[0m10:17:29.995331 [debug] [Thread-5 (]: Began compiling node test.google_fiber.not_null_stg_market_1_new_market.819377fe1e
[0m10:17:29.996420 [debug] [Thread-4 (]: Began running node test.google_fiber.not_null_stg_market_1_new_type.ef1c422aa5
[0m10:17:30.000506 [debug] [Thread-5 (]: Writing injected SQL for node "test.google_fiber.not_null_stg_market_1_new_market.819377fe1e"
[0m10:17:30.000506 [debug] [Thread-4 (]: Re-using an available connection from the pool (formerly test.google_fiber.not_null_stg_market_1_contacts_n.9230153d9e, now test.google_fiber.not_null_stg_market_1_new_type.ef1c422aa5)
[0m10:17:30.066774 [debug] [Thread-4 (]: Began compiling node test.google_fiber.not_null_stg_market_1_new_type.ef1c422aa5
[0m10:17:30.066774 [debug] [Thread-4 (]: Writing injected SQL for node "test.google_fiber.not_null_stg_market_1_new_type.ef1c422aa5"
[0m10:17:30.066774 [debug] [Thread-2 (]: Finished running node test.google_fiber.dbt_utils_expression_is_true_stg_market_1_contacts_n___0.30f91f99d2
[0m10:17:30.066774 [debug] [Thread-2 (]: Began running node model.google_fiber.mart_fiber_fcr
[0m10:17:30.066774 [debug] [Thread-2 (]: Re-using an available connection from the pool (formerly test.google_fiber.dbt_utils_expression_is_true_stg_market_1_contacts_n___0.30f91f99d2, now model.google_fiber.mart_fiber_fcr)
[0m10:17:30.066774 [debug] [Thread-2 (]: Began compiling node model.google_fiber.mart_fiber_fcr
[0m10:17:30.066774 [debug] [Thread-2 (]: Writing injected SQL for node "model.google_fiber.mart_fiber_fcr"
[0m10:17:30.066774 [debug] [Thread-3 (]: Finished running node test.google_fiber.not_null_stg_market_1_date_created.0b368dc9bf
[0m10:17:30.066774 [debug] [Thread-3 (]: Began running node test.google_fiber.dbt_utils_expression_is_true_stg_market_3_contacts_n___0.07f8f285ec
[0m10:17:30.066774 [debug] [Thread-3 (]: Re-using an available connection from the pool (formerly test.google_fiber.not_null_stg_market_1_date_created.0b368dc9bf, now test.google_fiber.dbt_utils_expression_is_true_stg_market_3_contacts_n___0.07f8f285ec)
[0m10:17:30.066774 [debug] [Thread-3 (]: Began compiling node test.google_fiber.dbt_utils_expression_is_true_stg_market_3_contacts_n___0.07f8f285ec
[0m10:17:30.083274 [debug] [Thread-3 (]: Writing injected SQL for node "test.google_fiber.dbt_utils_expression_is_true_stg_market_3_contacts_n___0.07f8f285ec"
[0m10:17:30.084321 [debug] [Thread-4 (]: Began executing node test.google_fiber.not_null_stg_market_1_new_type.ef1c422aa5
[0m10:17:30.085282 [debug] [Thread-4 (]: Opening a new connection, currently in state closed
[0m10:17:30.085282 [debug] [Thread-2 (]: Began executing node model.google_fiber.mart_fiber_fcr
[0m10:17:30.086285 [debug] [Thread-2 (]: Opening a new connection, currently in state closed
[0m10:17:30.121773 [debug] [Thread-5 (]: Began executing node test.google_fiber.not_null_stg_market_1_new_market.819377fe1e
[0m10:17:30.121773 [debug] [Thread-5 (]: Opening a new connection, currently in state closed
[0m10:17:30.159816 [debug] [Thread-3 (]: Began executing node test.google_fiber.dbt_utils_expression_is_true_stg_market_3_contacts_n___0.07f8f285ec
[0m10:17:30.159816 [debug] [Thread-3 (]: Opening a new connection, currently in state closed
[0m10:17:30.160915 [debug] [Thread-2 (]: Finished running node model.google_fiber.mart_fiber_fcr
[0m10:17:30.161897 [debug] [Thread-2 (]: Began running node test.google_fiber.not_null_stg_market_3_contacts_n.1758f1585f
[0m10:17:30.161897 [debug] [Thread-2 (]: Re-using an available connection from the pool (formerly model.google_fiber.mart_fiber_fcr, now test.google_fiber.not_null_stg_market_3_contacts_n.1758f1585f)
[0m10:17:30.161897 [debug] [Thread-2 (]: Began compiling node test.google_fiber.not_null_stg_market_3_contacts_n.1758f1585f
[0m10:17:30.167887 [debug] [Thread-2 (]: Writing injected SQL for node "test.google_fiber.not_null_stg_market_3_contacts_n.1758f1585f"
[0m10:17:30.168816 [debug] [Thread-4 (]: Finished running node test.google_fiber.not_null_stg_market_1_new_type.ef1c422aa5
[0m10:17:30.244273 [debug] [Thread-4 (]: Began running node test.google_fiber.not_null_stg_market_3_date_created.918f10c7f5
[0m10:17:30.245311 [debug] [Thread-5 (]: Finished running node test.google_fiber.not_null_stg_market_1_new_market.819377fe1e
[0m10:17:30.245311 [debug] [Thread-4 (]: Re-using an available connection from the pool (formerly test.google_fiber.not_null_stg_market_1_new_type.ef1c422aa5, now test.google_fiber.not_null_stg_market_3_date_created.918f10c7f5)
[0m10:17:30.246285 [debug] [Thread-3 (]: Finished running node test.google_fiber.dbt_utils_expression_is_true_stg_market_3_contacts_n___0.07f8f285ec
[0m10:17:30.246285 [debug] [Thread-5 (]: Began running node test.google_fiber.not_null_stg_market_3_new_market.3c6d8d9cc1
[0m10:17:30.247305 [debug] [Thread-4 (]: Began compiling node test.google_fiber.not_null_stg_market_3_date_created.918f10c7f5
[0m10:17:30.247305 [debug] [Thread-2 (]: Began executing node test.google_fiber.not_null_stg_market_3_contacts_n.1758f1585f
[0m10:17:30.248412 [debug] [Thread-3 (]: Began running node test.google_fiber.not_null_stg_market_3_new_type.ed970cb33d
[0m10:17:30.248412 [debug] [Thread-5 (]: Re-using an available connection from the pool (formerly test.google_fiber.not_null_stg_market_1_new_market.819377fe1e, now test.google_fiber.not_null_stg_market_3_new_market.3c6d8d9cc1)
[0m10:17:30.253371 [debug] [Thread-4 (]: Writing injected SQL for node "test.google_fiber.not_null_stg_market_3_date_created.918f10c7f5"
[0m10:17:30.253371 [debug] [Thread-2 (]: Opening a new connection, currently in state closed
[0m10:17:30.254378 [debug] [Thread-3 (]: Re-using an available connection from the pool (formerly test.google_fiber.dbt_utils_expression_is_true_stg_market_3_contacts_n___0.07f8f285ec, now test.google_fiber.not_null_stg_market_3_new_type.ed970cb33d)
[0m10:17:30.254378 [debug] [Thread-5 (]: Began compiling node test.google_fiber.not_null_stg_market_3_new_market.3c6d8d9cc1
[0m10:17:30.255355 [debug] [Thread-3 (]: Began compiling node test.google_fiber.not_null_stg_market_3_new_type.ed970cb33d
[0m10:17:30.259306 [debug] [Thread-5 (]: Writing injected SQL for node "test.google_fiber.not_null_stg_market_3_new_market.3c6d8d9cc1"
[0m10:17:30.263308 [debug] [Thread-3 (]: Writing injected SQL for node "test.google_fiber.not_null_stg_market_3_new_type.ed970cb33d"
[0m10:17:30.302294 [debug] [Thread-4 (]: Began executing node test.google_fiber.not_null_stg_market_3_date_created.918f10c7f5
[0m10:17:30.303313 [debug] [Thread-2 (]: Finished running node test.google_fiber.not_null_stg_market_3_contacts_n.1758f1585f
[0m10:17:30.304433 [debug] [Thread-4 (]: Opening a new connection, currently in state closed
[0m10:17:30.304433 [debug] [Thread-2 (]: Began running node analysis.google_fiber.dq_summary_report
[0m10:17:30.305459 [debug] [Thread-5 (]: Began executing node test.google_fiber.not_null_stg_market_3_new_market.3c6d8d9cc1
[0m10:17:30.305459 [debug] [Thread-3 (]: Began executing node test.google_fiber.not_null_stg_market_3_new_type.ed970cb33d
[0m10:17:30.306482 [debug] [Thread-2 (]: Re-using an available connection from the pool (formerly test.google_fiber.not_null_stg_market_3_contacts_n.1758f1585f, now analysis.google_fiber.dq_summary_report)
[0m10:17:30.306482 [debug] [Thread-5 (]: Opening a new connection, currently in state closed
[0m10:17:30.344286 [debug] [Thread-3 (]: Opening a new connection, currently in state closed
[0m10:17:30.345265 [debug] [Thread-4 (]: Finished running node test.google_fiber.not_null_stg_market_3_date_created.918f10c7f5
[0m10:17:30.345265 [debug] [Thread-2 (]: Began compiling node analysis.google_fiber.dq_summary_report
[0m10:17:30.346367 [debug] [Thread-4 (]: Began running node test.google_fiber.accepted_values_mart_fiber_fcr_new_market__True__MARKET_1__MARKET_2__MARKET_3.f81a45d4c1
[0m10:17:30.349888 [debug] [Thread-2 (]: Writing injected SQL for node "analysis.google_fiber.dq_summary_report"
[0m10:17:30.386266 [debug] [Thread-4 (]: Re-using an available connection from the pool (formerly test.google_fiber.not_null_stg_market_3_date_created.918f10c7f5, now test.google_fiber.accepted_values_mart_fiber_fcr_new_market__True__MARKET_1__MARKET_2__MARKET_3.f81a45d4c1)
[0m10:17:30.423468 [debug] [Thread-5 (]: Finished running node test.google_fiber.not_null_stg_market_3_new_market.3c6d8d9cc1
[0m10:17:30.424468 [debug] [Thread-3 (]: Finished running node test.google_fiber.not_null_stg_market_3_new_type.ed970cb33d
[0m10:17:30.424468 [debug] [Thread-4 (]: Began compiling node test.google_fiber.accepted_values_mart_fiber_fcr_new_market__True__MARKET_1__MARKET_2__MARKET_3.f81a45d4c1
[0m10:17:30.425641 [debug] [Thread-5 (]: Began running node test.google_fiber.accepted_values_mart_fiber_fcr_new_type__True__TYPE_1__TYPE_2__TYPE_3__TYPE_4__TYPE_5.5922be36aa
[0m10:17:30.425641 [debug] [Thread-3 (]: Began running node test.google_fiber.dbt_utils_expression_is_true_mart_fiber_fcr_contacts_n_1___0.f2518d2b19
[0m10:17:30.433385 [debug] [Thread-4 (]: Writing injected SQL for node "test.google_fiber.accepted_values_mart_fiber_fcr_new_market__True__MARKET_1__MARKET_2__MARKET_3.f81a45d4c1"
[0m10:17:30.433767 [debug] [Thread-5 (]: Re-using an available connection from the pool (formerly test.google_fiber.not_null_stg_market_3_new_market.3c6d8d9cc1, now test.google_fiber.accepted_values_mart_fiber_fcr_new_type__True__TYPE_1__TYPE_2__TYPE_3__TYPE_4__TYPE_5.5922be36aa)
[0m10:17:30.433767 [debug] [Thread-3 (]: Re-using an available connection from the pool (formerly test.google_fiber.not_null_stg_market_3_new_type.ed970cb33d, now test.google_fiber.dbt_utils_expression_is_true_mart_fiber_fcr_contacts_n_1___0.f2518d2b19)
[0m10:17:30.434869 [debug] [Thread-2 (]: Began executing node analysis.google_fiber.dq_summary_report
[0m10:17:30.435869 [debug] [Thread-5 (]: Began compiling node test.google_fiber.accepted_values_mart_fiber_fcr_new_type__True__TYPE_1__TYPE_2__TYPE_3__TYPE_4__TYPE_5.5922be36aa
[0m10:17:30.435869 [debug] [Thread-3 (]: Began compiling node test.google_fiber.dbt_utils_expression_is_true_mart_fiber_fcr_contacts_n_1___0.f2518d2b19
[0m10:17:30.436870 [debug] [Thread-2 (]: Opening a new connection, currently in state closed
[0m10:17:30.443660 [debug] [Thread-5 (]: Writing injected SQL for node "test.google_fiber.accepted_values_mart_fiber_fcr_new_type__True__TYPE_1__TYPE_2__TYPE_3__TYPE_4__TYPE_5.5922be36aa"
[0m10:17:30.448667 [debug] [Thread-3 (]: Writing injected SQL for node "test.google_fiber.dbt_utils_expression_is_true_mart_fiber_fcr_contacts_n_1___0.f2518d2b19"
[0m10:17:30.449554 [debug] [Thread-4 (]: Began executing node test.google_fiber.accepted_values_mart_fiber_fcr_new_market__True__MARKET_1__MARKET_2__MARKET_3.f81a45d4c1
[0m10:17:30.450478 [debug] [Thread-4 (]: Opening a new connection, currently in state closed
[0m10:17:30.483009 [debug] [Thread-5 (]: Began executing node test.google_fiber.accepted_values_mart_fiber_fcr_new_type__True__TYPE_1__TYPE_2__TYPE_3__TYPE_4__TYPE_5.5922be36aa
[0m10:17:30.483009 [debug] [Thread-5 (]: Opening a new connection, currently in state closed
[0m10:17:30.483009 [debug] [Thread-2 (]: Finished running node analysis.google_fiber.dq_summary_report
[0m10:17:30.483009 [debug] [Thread-2 (]: Began running node test.google_fiber.dbt_utils_expression_is_true_mart_fiber_fcr_contacts_n_2___0.b1cc83cc95
[0m10:17:30.483009 [debug] [Thread-2 (]: Re-using an available connection from the pool (formerly analysis.google_fiber.dq_summary_report, now test.google_fiber.dbt_utils_expression_is_true_mart_fiber_fcr_contacts_n_2___0.b1cc83cc95)
[0m10:17:30.483009 [debug] [Thread-2 (]: Began compiling node test.google_fiber.dbt_utils_expression_is_true_mart_fiber_fcr_contacts_n_2___0.b1cc83cc95
[0m10:17:30.483009 [debug] [Thread-2 (]: Writing injected SQL for node "test.google_fiber.dbt_utils_expression_is_true_mart_fiber_fcr_contacts_n_2___0.b1cc83cc95"
[0m10:17:30.483009 [debug] [Thread-3 (]: Began executing node test.google_fiber.dbt_utils_expression_is_true_mart_fiber_fcr_contacts_n_1___0.f2518d2b19
[0m10:17:30.483009 [debug] [Thread-3 (]: Opening a new connection, currently in state closed
[0m10:17:30.594491 [debug] [Thread-3 (]: Finished running node test.google_fiber.dbt_utils_expression_is_true_mart_fiber_fcr_contacts_n_1___0.f2518d2b19
[0m10:17:30.594491 [debug] [Thread-3 (]: Began running node test.google_fiber.dbt_utils_expression_is_true_mart_fiber_fcr_contacts_n_3___0.5689c92a40
[0m10:17:30.594491 [debug] [Thread-3 (]: Re-using an available connection from the pool (formerly test.google_fiber.dbt_utils_expression_is_true_mart_fiber_fcr_contacts_n_1___0.f2518d2b19, now test.google_fiber.dbt_utils_expression_is_true_mart_fiber_fcr_contacts_n_3___0.5689c92a40)
[0m10:17:30.599350 [debug] [Thread-3 (]: Began compiling node test.google_fiber.dbt_utils_expression_is_true_mart_fiber_fcr_contacts_n_3___0.5689c92a40
[0m10:17:30.603371 [debug] [Thread-3 (]: Writing injected SQL for node "test.google_fiber.dbt_utils_expression_is_true_mart_fiber_fcr_contacts_n_3___0.5689c92a40"
[0m10:17:30.605379 [debug] [Thread-4 (]: Finished running node test.google_fiber.accepted_values_mart_fiber_fcr_new_market__True__MARKET_1__MARKET_2__MARKET_3.f81a45d4c1
[0m10:17:30.605379 [debug] [Thread-2 (]: Began executing node test.google_fiber.dbt_utils_expression_is_true_mart_fiber_fcr_contacts_n_2___0.b1cc83cc95
[0m10:17:30.605379 [debug] [Thread-5 (]: Finished running node test.google_fiber.accepted_values_mart_fiber_fcr_new_type__True__TYPE_1__TYPE_2__TYPE_3__TYPE_4__TYPE_5.5922be36aa
[0m10:17:30.607872 [debug] [Thread-4 (]: Began running node test.google_fiber.dbt_utils_expression_is_true_mart_fiber_fcr_contacts_n_4___0.14bec4a300
[0m10:17:30.607872 [debug] [Thread-2 (]: Opening a new connection, currently in state closed
[0m10:17:30.608924 [debug] [Thread-5 (]: Began running node test.google_fiber.dbt_utils_expression_is_true_mart_fiber_fcr_contacts_n_5___0.d48ed59881
[0m10:17:30.608924 [debug] [Thread-3 (]: Began executing node test.google_fiber.dbt_utils_expression_is_true_mart_fiber_fcr_contacts_n_3___0.5689c92a40
[0m10:17:30.609879 [debug] [Thread-4 (]: Re-using an available connection from the pool (formerly test.google_fiber.accepted_values_mart_fiber_fcr_new_market__True__MARKET_1__MARKET_2__MARKET_3.f81a45d4c1, now test.google_fiber.dbt_utils_expression_is_true_mart_fiber_fcr_contacts_n_4___0.14bec4a300)
[0m10:17:30.609879 [debug] [Thread-5 (]: Re-using an available connection from the pool (formerly test.google_fiber.accepted_values_mart_fiber_fcr_new_type__True__TYPE_1__TYPE_2__TYPE_3__TYPE_4__TYPE_5.5922be36aa, now test.google_fiber.dbt_utils_expression_is_true_mart_fiber_fcr_contacts_n_5___0.d48ed59881)
[0m10:17:30.639855 [debug] [Thread-3 (]: Opening a new connection, currently in state closed
[0m10:17:30.639855 [debug] [Thread-2 (]: Finished running node test.google_fiber.dbt_utils_expression_is_true_mart_fiber_fcr_contacts_n_2___0.b1cc83cc95
[0m10:17:30.639855 [debug] [Thread-4 (]: Began compiling node test.google_fiber.dbt_utils_expression_is_true_mart_fiber_fcr_contacts_n_4___0.14bec4a300
[0m10:17:30.639855 [debug] [Thread-5 (]: Began compiling node test.google_fiber.dbt_utils_expression_is_true_mart_fiber_fcr_contacts_n_5___0.d48ed59881
[0m10:17:30.639855 [debug] [Thread-2 (]: Began running node test.google_fiber.dbt_utils_expression_is_true_mart_fiber_fcr_contacts_n_6___0.2f647a3cbe
[0m10:17:30.639855 [debug] [Thread-4 (]: Writing injected SQL for node "test.google_fiber.dbt_utils_expression_is_true_mart_fiber_fcr_contacts_n_4___0.14bec4a300"
[0m10:17:30.671695 [debug] [Thread-3 (]: Finished running node test.google_fiber.dbt_utils_expression_is_true_mart_fiber_fcr_contacts_n_3___0.5689c92a40
[0m10:17:30.687290 [debug] [Thread-5 (]: Writing injected SQL for node "test.google_fiber.dbt_utils_expression_is_true_mart_fiber_fcr_contacts_n_5___0.d48ed59881"
[0m10:17:30.687290 [debug] [Thread-2 (]: Re-using an available connection from the pool (formerly test.google_fiber.dbt_utils_expression_is_true_mart_fiber_fcr_contacts_n_2___0.b1cc83cc95, now test.google_fiber.dbt_utils_expression_is_true_mart_fiber_fcr_contacts_n_6___0.2f647a3cbe)
[0m10:17:30.687290 [debug] [Thread-3 (]: Began running node test.google_fiber.dbt_utils_expression_is_true_mart_fiber_fcr_contacts_n_7___0.3b0d43e245
[0m10:17:30.687290 [debug] [Thread-2 (]: Began compiling node test.google_fiber.dbt_utils_expression_is_true_mart_fiber_fcr_contacts_n_6___0.2f647a3cbe
[0m10:17:30.687290 [debug] [Thread-3 (]: Re-using an available connection from the pool (formerly test.google_fiber.dbt_utils_expression_is_true_mart_fiber_fcr_contacts_n_3___0.5689c92a40, now test.google_fiber.dbt_utils_expression_is_true_mart_fiber_fcr_contacts_n_7___0.3b0d43e245)
[0m10:17:30.687290 [debug] [Thread-2 (]: Writing injected SQL for node "test.google_fiber.dbt_utils_expression_is_true_mart_fiber_fcr_contacts_n_6___0.2f647a3cbe"
[0m10:17:30.687290 [debug] [Thread-3 (]: Began compiling node test.google_fiber.dbt_utils_expression_is_true_mart_fiber_fcr_contacts_n_7___0.3b0d43e245
[0m10:17:30.687290 [debug] [Thread-3 (]: Writing injected SQL for node "test.google_fiber.dbt_utils_expression_is_true_mart_fiber_fcr_contacts_n_7___0.3b0d43e245"
[0m10:17:30.687290 [debug] [Thread-4 (]: Began executing node test.google_fiber.dbt_utils_expression_is_true_mart_fiber_fcr_contacts_n_4___0.14bec4a300
[0m10:17:30.687290 [debug] [Thread-4 (]: Opening a new connection, currently in state closed
[0m10:17:30.687290 [debug] [Thread-5 (]: Began executing node test.google_fiber.dbt_utils_expression_is_true_mart_fiber_fcr_contacts_n_5___0.d48ed59881
[0m10:17:30.703283 [debug] [Thread-5 (]: Opening a new connection, currently in state closed
[0m10:17:30.703283 [debug] [Thread-2 (]: Began executing node test.google_fiber.dbt_utils_expression_is_true_mart_fiber_fcr_contacts_n_6___0.2f647a3cbe
[0m10:17:30.734879 [debug] [Thread-4 (]: Finished running node test.google_fiber.dbt_utils_expression_is_true_mart_fiber_fcr_contacts_n_4___0.14bec4a300
[0m10:17:30.734879 [debug] [Thread-2 (]: Opening a new connection, currently in state closed
[0m10:17:30.766022 [debug] [Thread-3 (]: Began executing node test.google_fiber.dbt_utils_expression_is_true_mart_fiber_fcr_contacts_n_7___0.3b0d43e245
[0m10:17:30.766022 [debug] [Thread-4 (]: Began running node test.google_fiber.dbt_utils_expression_is_true_mart_fiber_fcr_contacts_n___0.fd6d7acd02
[0m10:17:30.766022 [debug] [Thread-5 (]: Finished running node test.google_fiber.dbt_utils_expression_is_true_mart_fiber_fcr_contacts_n_5___0.d48ed59881
[0m10:17:30.766022 [debug] [Thread-3 (]: Opening a new connection, currently in state closed
[0m10:17:30.812888 [debug] [Thread-4 (]: Re-using an available connection from the pool (formerly test.google_fiber.dbt_utils_expression_is_true_mart_fiber_fcr_contacts_n_4___0.14bec4a300, now test.google_fiber.dbt_utils_expression_is_true_mart_fiber_fcr_contacts_n___0.fd6d7acd02)
[0m10:17:30.814119 [debug] [Thread-2 (]: Finished running node test.google_fiber.dbt_utils_expression_is_true_mart_fiber_fcr_contacts_n_6___0.2f647a3cbe
[0m10:17:30.815126 [debug] [Thread-5 (]: Began running node test.google_fiber.dbt_utils_expression_is_true_mart_fiber_fcr_fcr_7day_rate__IS_NULL_OR_fcr_7day_rate_0_AND_fcr_7day_rate_1_.3821f10cea
[0m10:17:30.815126 [debug] [Thread-4 (]: Began compiling node test.google_fiber.dbt_utils_expression_is_true_mart_fiber_fcr_contacts_n___0.fd6d7acd02
[0m10:17:30.815981 [debug] [Thread-2 (]: Began running node test.google_fiber.dbt_utils_expression_is_true_mart_fiber_fcr_fcr_day1_rate__IS_NULL_OR_fcr_day1_rate_0_AND_fcr_day1_rate_1_.ea9fc062eb
[0m10:17:30.815981 [debug] [Thread-5 (]: Re-using an available connection from the pool (formerly test.google_fiber.dbt_utils_expression_is_true_mart_fiber_fcr_contacts_n_5___0.d48ed59881, now test.google_fiber.dbt_utils_expression_is_true_mart_fiber_fcr_fcr_7day_rate__IS_NULL_OR_fcr_7day_rate_0_AND_fcr_7day_rate_1_.3821f10cea)
[0m10:17:30.847890 [debug] [Thread-4 (]: Writing injected SQL for node "test.google_fiber.dbt_utils_expression_is_true_mart_fiber_fcr_contacts_n___0.fd6d7acd02"
[0m10:17:30.847890 [debug] [Thread-3 (]: Finished running node test.google_fiber.dbt_utils_expression_is_true_mart_fiber_fcr_contacts_n_7___0.3b0d43e245
[0m10:17:30.847890 [debug] [Thread-2 (]: Re-using an available connection from the pool (formerly test.google_fiber.dbt_utils_expression_is_true_mart_fiber_fcr_contacts_n_6___0.2f647a3cbe, now test.google_fiber.dbt_utils_expression_is_true_mart_fiber_fcr_fcr_day1_rate__IS_NULL_OR_fcr_day1_rate_0_AND_fcr_day1_rate_1_.ea9fc062eb)
[0m10:17:30.847890 [debug] [Thread-5 (]: Began compiling node test.google_fiber.dbt_utils_expression_is_true_mart_fiber_fcr_fcr_7day_rate__IS_NULL_OR_fcr_7day_rate_0_AND_fcr_7day_rate_1_.3821f10cea
[0m10:17:30.847890 [debug] [Thread-3 (]: Began running node test.google_fiber.dbt_utils_unique_combination_of_columns_mart_fiber_fcr_date_created__new_type__new_market.768049e15a
[0m10:17:30.847890 [debug] [Thread-2 (]: Began compiling node test.google_fiber.dbt_utils_expression_is_true_mart_fiber_fcr_fcr_day1_rate__IS_NULL_OR_fcr_day1_rate_0_AND_fcr_day1_rate_1_.ea9fc062eb
[0m10:17:30.847890 [debug] [Thread-5 (]: Writing injected SQL for node "test.google_fiber.dbt_utils_expression_is_true_mart_fiber_fcr_fcr_7day_rate__IS_NULL_OR_fcr_7day_rate_0_AND_fcr_7day_rate_1_.3821f10cea"
[0m10:17:30.847890 [debug] [Thread-3 (]: Re-using an available connection from the pool (formerly test.google_fiber.dbt_utils_expression_is_true_mart_fiber_fcr_contacts_n_7___0.3b0d43e245, now test.google_fiber.dbt_utils_unique_combination_of_columns_mart_fiber_fcr_date_created__new_type__new_market.768049e15a)
[0m10:17:30.863720 [debug] [Thread-2 (]: Writing injected SQL for node "test.google_fiber.dbt_utils_expression_is_true_mart_fiber_fcr_fcr_day1_rate__IS_NULL_OR_fcr_day1_rate_0_AND_fcr_day1_rate_1_.ea9fc062eb"
[0m10:17:30.863720 [debug] [Thread-4 (]: Began executing node test.google_fiber.dbt_utils_expression_is_true_mart_fiber_fcr_contacts_n___0.fd6d7acd02
[0m10:17:30.863720 [debug] [Thread-3 (]: Began compiling node test.google_fiber.dbt_utils_unique_combination_of_columns_mart_fiber_fcr_date_created__new_type__new_market.768049e15a
[0m10:17:30.863720 [debug] [Thread-4 (]: Opening a new connection, currently in state closed
[0m10:17:30.863720 [debug] [Thread-3 (]: Writing injected SQL for node "test.google_fiber.dbt_utils_unique_combination_of_columns_mart_fiber_fcr_date_created__new_type__new_market.768049e15a"
[0m10:17:30.895732 [debug] [Thread-4 (]: Finished running node test.google_fiber.dbt_utils_expression_is_true_mart_fiber_fcr_contacts_n___0.fd6d7acd02
[0m10:17:30.895732 [debug] [Thread-5 (]: Began executing node test.google_fiber.dbt_utils_expression_is_true_mart_fiber_fcr_fcr_7day_rate__IS_NULL_OR_fcr_7day_rate_0_AND_fcr_7day_rate_1_.3821f10cea
[0m10:17:30.895732 [debug] [Thread-4 (]: Began running node test.google_fiber.not_null_mart_fiber_fcr_contacts_n.468035c44d
[0m10:17:30.895732 [debug] [Thread-3 (]: Began executing node test.google_fiber.dbt_utils_unique_combination_of_columns_mart_fiber_fcr_date_created__new_type__new_market.768049e15a
[0m10:17:30.895732 [debug] [Thread-5 (]: Opening a new connection, currently in state closed
[0m10:17:30.895732 [debug] [Thread-2 (]: Began executing node test.google_fiber.dbt_utils_expression_is_true_mart_fiber_fcr_fcr_day1_rate__IS_NULL_OR_fcr_day1_rate_0_AND_fcr_day1_rate_1_.ea9fc062eb
[0m10:17:30.895732 [debug] [Thread-4 (]: Re-using an available connection from the pool (formerly test.google_fiber.dbt_utils_expression_is_true_mart_fiber_fcr_contacts_n___0.fd6d7acd02, now test.google_fiber.not_null_mart_fiber_fcr_contacts_n.468035c44d)
[0m10:17:30.895732 [debug] [Thread-3 (]: Opening a new connection, currently in state closed
[0m10:17:30.895732 [debug] [Thread-2 (]: Opening a new connection, currently in state closed
[0m10:17:30.895732 [debug] [Thread-4 (]: Began compiling node test.google_fiber.not_null_mart_fiber_fcr_contacts_n.468035c44d
[0m10:17:30.953391 [debug] [Thread-4 (]: Writing injected SQL for node "test.google_fiber.not_null_mart_fiber_fcr_contacts_n.468035c44d"
[0m10:17:30.954554 [debug] [Thread-5 (]: Finished running node test.google_fiber.dbt_utils_expression_is_true_mart_fiber_fcr_fcr_7day_rate__IS_NULL_OR_fcr_7day_rate_0_AND_fcr_7day_rate_1_.3821f10cea
[0m10:17:30.954554 [debug] [Thread-5 (]: Began running node test.google_fiber.not_null_mart_fiber_fcr_contacts_n_1.5aae7c6b33
[0m10:17:30.955579 [debug] [Thread-5 (]: Re-using an available connection from the pool (formerly test.google_fiber.dbt_utils_expression_is_true_mart_fiber_fcr_fcr_7day_rate__IS_NULL_OR_fcr_7day_rate_0_AND_fcr_7day_rate_1_.3821f10cea, now test.google_fiber.not_null_mart_fiber_fcr_contacts_n_1.5aae7c6b33)
[0m10:17:30.955579 [debug] [Thread-5 (]: Began compiling node test.google_fiber.not_null_mart_fiber_fcr_contacts_n_1.5aae7c6b33
[0m10:17:30.959568 [debug] [Thread-5 (]: Writing injected SQL for node "test.google_fiber.not_null_mart_fiber_fcr_contacts_n_1.5aae7c6b33"
[0m10:17:31.016885 [debug] [Thread-2 (]: Finished running node test.google_fiber.dbt_utils_expression_is_true_mart_fiber_fcr_fcr_day1_rate__IS_NULL_OR_fcr_day1_rate_0_AND_fcr_day1_rate_1_.ea9fc062eb
[0m10:17:31.016885 [debug] [Thread-5 (]: Began executing node test.google_fiber.not_null_mart_fiber_fcr_contacts_n_1.5aae7c6b33
[0m10:17:31.016885 [debug] [Thread-3 (]: Finished running node test.google_fiber.dbt_utils_unique_combination_of_columns_mart_fiber_fcr_date_created__new_type__new_market.768049e15a
[0m10:17:31.016885 [debug] [Thread-2 (]: Began running node test.google_fiber.not_null_mart_fiber_fcr_contacts_n_2.287aa32036
[0m10:17:31.016885 [debug] [Thread-5 (]: Opening a new connection, currently in state closed
[0m10:17:31.016885 [debug] [Thread-3 (]: Began running node test.google_fiber.not_null_mart_fiber_fcr_contacts_n_3.94dd51b2bf
[0m10:17:31.016885 [debug] [Thread-4 (]: Began executing node test.google_fiber.not_null_mart_fiber_fcr_contacts_n.468035c44d
[0m10:17:31.016885 [debug] [Thread-2 (]: Re-using an available connection from the pool (formerly test.google_fiber.dbt_utils_expression_is_true_mart_fiber_fcr_fcr_day1_rate__IS_NULL_OR_fcr_day1_rate_0_AND_fcr_day1_rate_1_.ea9fc062eb, now test.google_fiber.not_null_mart_fiber_fcr_contacts_n_2.287aa32036)
[0m10:17:31.064879 [debug] [Thread-3 (]: Re-using an available connection from the pool (formerly test.google_fiber.dbt_utils_unique_combination_of_columns_mart_fiber_fcr_date_created__new_type__new_market.768049e15a, now test.google_fiber.not_null_mart_fiber_fcr_contacts_n_3.94dd51b2bf)
[0m10:17:31.064879 [debug] [Thread-4 (]: Opening a new connection, currently in state closed
[0m10:17:31.064879 [debug] [Thread-2 (]: Began compiling node test.google_fiber.not_null_mart_fiber_fcr_contacts_n_2.287aa32036
[0m10:17:31.064879 [debug] [Thread-5 (]: Finished running node test.google_fiber.not_null_mart_fiber_fcr_contacts_n_1.5aae7c6b33
[0m10:17:31.064879 [debug] [Thread-3 (]: Began compiling node test.google_fiber.not_null_mart_fiber_fcr_contacts_n_3.94dd51b2bf
[0m10:17:31.071507 [debug] [Thread-2 (]: Writing injected SQL for node "test.google_fiber.not_null_mart_fiber_fcr_contacts_n_2.287aa32036"
[0m10:17:31.096232 [debug] [Thread-5 (]: Began running node test.google_fiber.not_null_mart_fiber_fcr_contacts_n_4.96ab58a968
[0m10:17:31.096232 [debug] [Thread-4 (]: Finished running node test.google_fiber.not_null_mart_fiber_fcr_contacts_n.468035c44d
[0m10:17:31.112046 [debug] [Thread-3 (]: Writing injected SQL for node "test.google_fiber.not_null_mart_fiber_fcr_contacts_n_3.94dd51b2bf"
[0m10:17:31.112046 [debug] [Thread-5 (]: Re-using an available connection from the pool (formerly test.google_fiber.not_null_mart_fiber_fcr_contacts_n_1.5aae7c6b33, now test.google_fiber.not_null_mart_fiber_fcr_contacts_n_4.96ab58a968)
[0m10:17:31.112046 [debug] [Thread-4 (]: Began running node test.google_fiber.not_null_mart_fiber_fcr_contacts_n_5.c78b9aea0c
[0m10:17:31.112046 [debug] [Thread-5 (]: Began compiling node test.google_fiber.not_null_mart_fiber_fcr_contacts_n_4.96ab58a968
[0m10:17:31.112046 [debug] [Thread-4 (]: Re-using an available connection from the pool (formerly test.google_fiber.not_null_mart_fiber_fcr_contacts_n.468035c44d, now test.google_fiber.not_null_mart_fiber_fcr_contacts_n_5.c78b9aea0c)
[0m10:17:31.112046 [debug] [Thread-5 (]: Writing injected SQL for node "test.google_fiber.not_null_mart_fiber_fcr_contacts_n_4.96ab58a968"
[0m10:17:31.112046 [debug] [Thread-2 (]: Began executing node test.google_fiber.not_null_mart_fiber_fcr_contacts_n_2.287aa32036
[0m10:17:31.112046 [debug] [Thread-4 (]: Began compiling node test.google_fiber.not_null_mart_fiber_fcr_contacts_n_5.c78b9aea0c
[0m10:17:31.112046 [debug] [Thread-3 (]: Began executing node test.google_fiber.not_null_mart_fiber_fcr_contacts_n_3.94dd51b2bf
[0m10:17:31.112046 [debug] [Thread-2 (]: Opening a new connection, currently in state closed
[0m10:17:31.112046 [debug] [Thread-4 (]: Writing injected SQL for node "test.google_fiber.not_null_mart_fiber_fcr_contacts_n_5.c78b9aea0c"
[0m10:17:31.112046 [debug] [Thread-3 (]: Opening a new connection, currently in state closed
[0m10:17:31.112046 [debug] [Thread-5 (]: Began executing node test.google_fiber.not_null_mart_fiber_fcr_contacts_n_4.96ab58a968
[0m10:17:31.127861 [debug] [Thread-5 (]: Opening a new connection, currently in state closed
[0m10:17:31.153122 [debug] [Thread-2 (]: Finished running node test.google_fiber.not_null_mart_fiber_fcr_contacts_n_2.287aa32036
[0m10:17:31.153122 [debug] [Thread-2 (]: Began running node test.google_fiber.not_null_mart_fiber_fcr_contacts_n_6.90a508f1cf
[0m10:17:31.153122 [debug] [Thread-2 (]: Re-using an available connection from the pool (formerly test.google_fiber.not_null_mart_fiber_fcr_contacts_n_2.287aa32036, now test.google_fiber.not_null_mart_fiber_fcr_contacts_n_6.90a508f1cf)
[0m10:17:31.163048 [debug] [Thread-2 (]: Began compiling node test.google_fiber.not_null_mart_fiber_fcr_contacts_n_6.90a508f1cf
[0m10:17:31.167062 [debug] [Thread-2 (]: Writing injected SQL for node "test.google_fiber.not_null_mart_fiber_fcr_contacts_n_6.90a508f1cf"
[0m10:17:31.200165 [debug] [Thread-4 (]: Began executing node test.google_fiber.not_null_mart_fiber_fcr_contacts_n_5.c78b9aea0c
[0m10:17:31.200165 [debug] [Thread-4 (]: Opening a new connection, currently in state closed
[0m10:17:31.200165 [debug] [Thread-5 (]: Finished running node test.google_fiber.not_null_mart_fiber_fcr_contacts_n_4.96ab58a968
[0m10:17:31.200165 [debug] [Thread-5 (]: Began running node test.google_fiber.not_null_mart_fiber_fcr_contacts_n_7.b7591bed2b
[0m10:17:31.200165 [debug] [Thread-5 (]: Re-using an available connection from the pool (formerly test.google_fiber.not_null_mart_fiber_fcr_contacts_n_4.96ab58a968, now test.google_fiber.not_null_mart_fiber_fcr_contacts_n_7.b7591bed2b)
[0m10:17:31.200165 [debug] [Thread-5 (]: Began compiling node test.google_fiber.not_null_mart_fiber_fcr_contacts_n_7.b7591bed2b
[0m10:17:31.200165 [debug] [Thread-5 (]: Writing injected SQL for node "test.google_fiber.not_null_mart_fiber_fcr_contacts_n_7.b7591bed2b"
[0m10:17:31.231978 [debug] [Thread-2 (]: Began executing node test.google_fiber.not_null_mart_fiber_fcr_contacts_n_6.90a508f1cf
[0m10:17:31.263939 [debug] [Thread-2 (]: Opening a new connection, currently in state closed
[0m10:17:31.263939 [debug] [Thread-4 (]: Finished running node test.google_fiber.not_null_mart_fiber_fcr_contacts_n_5.c78b9aea0c
[0m10:17:31.279926 [debug] [Thread-5 (]: Began executing node test.google_fiber.not_null_mart_fiber_fcr_contacts_n_7.b7591bed2b
[0m10:17:31.279926 [debug] [Thread-5 (]: Opening a new connection, currently in state closed
[0m10:17:31.279926 [debug] [Thread-3 (]: Finished running node test.google_fiber.not_null_mart_fiber_fcr_contacts_n_3.94dd51b2bf
[0m10:17:31.279926 [debug] [Thread-3 (]: Began running node test.google_fiber.not_null_mart_fiber_fcr_new_market.bf7fff7a28
[0m10:17:31.279926 [debug] [Thread-3 (]: Re-using an available connection from the pool (formerly test.google_fiber.not_null_mart_fiber_fcr_contacts_n_3.94dd51b2bf, now test.google_fiber.not_null_mart_fiber_fcr_new_market.bf7fff7a28)
[0m10:17:31.279926 [debug] [Thread-3 (]: Began compiling node test.google_fiber.not_null_mart_fiber_fcr_new_market.bf7fff7a28
[0m10:17:31.279926 [debug] [Thread-3 (]: Writing injected SQL for node "test.google_fiber.not_null_mart_fiber_fcr_new_market.bf7fff7a28"
[0m10:17:31.279926 [debug] [Thread-4 (]: Began running node test.google_fiber.not_null_mart_fiber_fcr_date_created.c4deca7af0
[0m10:17:31.279926 [debug] [Thread-4 (]: Re-using an available connection from the pool (formerly test.google_fiber.not_null_mart_fiber_fcr_contacts_n_5.c78b9aea0c, now test.google_fiber.not_null_mart_fiber_fcr_date_created.c4deca7af0)
[0m10:17:31.279926 [debug] [Thread-4 (]: Began compiling node test.google_fiber.not_null_mart_fiber_fcr_date_created.c4deca7af0
[0m10:17:31.290338 [debug] [Thread-4 (]: Writing injected SQL for node "test.google_fiber.not_null_mart_fiber_fcr_date_created.c4deca7af0"
[0m10:17:31.311957 [debug] [Thread-2 (]: Finished running node test.google_fiber.not_null_mart_fiber_fcr_contacts_n_6.90a508f1cf
[0m10:17:31.311957 [debug] [Thread-2 (]: Began running node test.google_fiber.not_null_mart_fiber_fcr_new_type.55aacd9e05
[0m10:17:31.311957 [debug] [Thread-2 (]: Re-using an available connection from the pool (formerly test.google_fiber.not_null_mart_fiber_fcr_contacts_n_6.90a508f1cf, now test.google_fiber.not_null_mart_fiber_fcr_new_type.55aacd9e05)
[0m10:17:31.311957 [debug] [Thread-2 (]: Began compiling node test.google_fiber.not_null_mart_fiber_fcr_new_type.55aacd9e05
[0m10:17:31.329749 [debug] [Thread-2 (]: Writing injected SQL for node "test.google_fiber.not_null_mart_fiber_fcr_new_type.55aacd9e05"
[0m10:17:31.364452 [debug] [Thread-5 (]: Finished running node test.google_fiber.not_null_mart_fiber_fcr_contacts_n_7.b7591bed2b
[0m10:17:31.365532 [debug] [Thread-3 (]: Began executing node test.google_fiber.not_null_mart_fiber_fcr_new_market.bf7fff7a28
[0m10:17:31.366453 [debug] [Thread-3 (]: Opening a new connection, currently in state closed
[0m10:17:31.366453 [debug] [Thread-2 (]: Began executing node test.google_fiber.not_null_mart_fiber_fcr_new_type.55aacd9e05
[0m10:17:31.367453 [debug] [Thread-2 (]: Opening a new connection, currently in state closed
[0m10:17:31.367453 [debug] [Thread-4 (]: Began executing node test.google_fiber.not_null_mart_fiber_fcr_date_created.c4deca7af0
[0m10:17:31.367453 [debug] [Thread-4 (]: Opening a new connection, currently in state closed
[0m10:17:31.457787 [debug] [Thread-2 (]: Finished running node test.google_fiber.not_null_mart_fiber_fcr_new_type.55aacd9e05
[0m10:17:31.457787 [debug] [Thread-3 (]: Finished running node test.google_fiber.not_null_mart_fiber_fcr_new_market.bf7fff7a28
[0m10:17:31.457787 [debug] [Thread-4 (]: Finished running node test.google_fiber.not_null_mart_fiber_fcr_date_created.c4deca7af0
[0m10:17:31.457787 [debug] [MainThread]: Connection 'master' was properly closed.
[0m10:17:31.457787 [debug] [MainThread]: Connection 'list_gbi-test_fiber' was properly closed.
[0m10:17:31.457787 [debug] [MainThread]: Connection 'test.google_fiber.not_null_mart_fiber_fcr_new_type.55aacd9e05' was properly closed.
[0m10:17:31.457787 [debug] [MainThread]: Connection 'test.google_fiber.not_null_mart_fiber_fcr_new_market.bf7fff7a28' was properly closed.
[0m10:17:31.457787 [debug] [MainThread]: Connection 'test.google_fiber.not_null_mart_fiber_fcr_date_created.c4deca7af0' was properly closed.
[0m10:17:31.457787 [debug] [MainThread]: Connection 'test.google_fiber.not_null_mart_fiber_fcr_contacts_n_7.b7591bed2b' was properly closed.
[0m10:17:31.473795 [debug] [MainThread]: Command end result
[0m10:17:31.584618 [debug] [MainThread]: Wrote artifact WritableManifest to C:\Users\newbi\Documents\Local_Documents\google-fiber-fcr-capstone-dbt\dbt\target\manifest.json
[0m10:17:31.600521 [debug] [MainThread]: Wrote artifact SemanticManifest to C:\Users\newbi\Documents\Local_Documents\google-fiber-fcr-capstone-dbt\dbt\target\semantic_manifest.json
[0m10:17:31.616270 [debug] [MainThread]: Wrote artifact RunExecutionResult to C:\Users\newbi\Documents\Local_Documents\google-fiber-fcr-capstone-dbt\dbt\target\run_results.json
[0m10:17:31.733476 [debug] [MainThread]: Acquiring new bigquery connection 'generate_catalog'
[0m10:17:31.733476 [info ] [MainThread]: Building catalog
[0m10:17:31.753454 [debug] [ThreadPool]: Acquiring new bigquery connection 'gbi-test.information_schema'
[0m10:17:31.771516 [debug] [ThreadPool]: On gbi-test.information_schema: /* {"app": "dbt", "dbt_version": "1.11.11", "profile_name": "google_fiber", "target_name": "dev", "connection_name": "gbi-test.information_schema"} */

    with
                table_shards_stage as (
    select
        tables.project_id as table_catalog,
        tables.dataset_id as table_schema,
        coalesce(REGEXP_EXTRACT(tables.table_id, '^(.+)[0-9]{8}$'), tables.table_id) as table_name,
        tables.table_id as shard_name,
        REGEXP_EXTRACT(tables.table_id, '^.+([0-9]{8})$') as shard_index,
        REGEXP_CONTAINS(tables.table_id, '^.+[0-9]{8}$') and tables.type = 1 as is_date_shard,
        case
            when materialized_views.table_name is not null then 'materialized view'
            when tables.type = 1 then 'table'
            when tables.type = 2 then 'view'
            else 'external'
        end as table_type,
        tables.type = 1 as is_table,
        JSON_VALUE(table_description.option_value) as table_comment,
        tables.size_bytes,
        tables.row_count
    from `gbi-test`.`fiber`.__TABLES__ tables
    left join `gbi-test`.`fiber`.INFORMATION_SCHEMA.MATERIALIZED_VIEWS materialized_views
        on materialized_views.table_catalog = tables.project_id
        and materialized_views.table_schema = tables.dataset_id
        and materialized_views.table_name = tables.table_id
    left join `gbi-test`.`fiber`.INFORMATION_SCHEMA.TABLE_OPTIONS table_description
        on table_description.table_catalog = tables.project_id
        and table_description.table_schema = tables.dataset_id
        and table_description.table_name = tables.table_id
        and table_description.option_name = 'description'
),
                table_shards as (
                    select * from table_shards_stage
                    where ((
                                upper(table_schema) = upper('fiber')
                            and upper(table_name) = upper('mart_fiber_fcr')
                            ) or (
                                upper(table_schema) = upper('fiber')
                            and upper(table_name) = upper('stg_market_1')
                            ) or (
                                upper(table_schema) = upper('fiber')
                            and upper(table_name) = upper('stg_market_2')
                            ) or (
                                upper(table_schema) = upper('fiber')
                            and upper(table_name) = upper('market_3')
                            ) or (
                                upper(table_schema) = upper('fiber')
                            and upper(table_name) = upper('stg_market_3')
                            ) or (
                                upper(table_schema) = upper('fiber')
                            and upper(table_name) = upper('market_2')
                            ) or (
                                upper(table_schema) = upper('fiber')
                            and upper(table_name) = upper('market_1')
                            ))
                ),
                tables as (
    select distinct
        table_catalog,
        table_schema,
        table_name,
        is_date_shard,
        table_type,
        is_table,
        table_comment
    from table_shards
),
                table_stats as (
    select
        table_catalog,
        table_schema,
        table_name,
        max(shard_name) as latest_shard_name,
        min(shard_index) as shard_min,
        max(shard_index) as shard_max,
        count(shard_index) as shard_count,
        sum(size_bytes) as size_bytes,
        sum(row_count) as row_count
    from table_shards
    group by 1, 2, 3
),

                columns as (
    select
        columns.table_catalog,
        columns.table_schema,
        columns.table_name as shard_name,
        coalesce(paths.field_path, '<unknown>') as column_name,
        -- invent a row number to account for nested fields
        -- BQ does not treat these nested properties as independent fields
        row_number() over (
            partition by
                columns.table_catalog,
                columns.table_schema,
                columns.table_name
            order by
                columns.ordinal_position,
                paths.field_path
        ) as column_index,
        coalesce(paths.data_type, '<unknown>') as column_type,
        paths.description as column_comment,
        case when columns.is_partitioning_column = 'YES' then 1 else 0 end as is_partitioning_column,
        case when columns.is_partitioning_column = 'YES' then paths.field_path end as partition_column,
        case when columns.clustering_ordinal_position is not null then 1 else 0 end as is_clustering_column,
        case when columns.clustering_ordinal_position is not null then paths.field_path end as cluster_column,
        columns.clustering_ordinal_position
    from `gbi-test`.`fiber`.INFORMATION_SCHEMA.COLUMNS columns
    join `gbi-test`.`fiber`.INFORMATION_SCHEMA.COLUMN_FIELD_PATHS paths
        on paths.table_catalog = columns.table_catalog
        and paths.table_schema = columns.table_schema
        and paths.table_name = columns.table_name
        and paths.column_name = columns.column_name
    where columns.ordinal_position is not null
),
                column_stats as (
    select
        table_catalog,
        table_schema,
        shard_name,
        max(is_partitioning_column) = 1 as is_partitioned,
        max(partition_column) as partition_column,
        max(is_clustering_column) = 1 as is_clustered,
        array_to_string(
            array_agg(
                cluster_column ignore nulls
                order by clustering_ordinal_position
            ), ', '
        ) as clustering_columns
    from columns
    group by 1, 2, 3
)

            
    select
        tables.table_catalog as table_database,
        tables.table_schema,
        case
            when tables.is_date_shard then concat(tables.table_name, '*')
            else tables.table_name
        end as table_name,
        tables.table_type,
        tables.table_comment,
        -- coalesce column metadata fields to ensure they are non-null for catalog generation
        -- external table columns are not present in COLUMN_FIELD_PATHS
        coalesce(columns.column_name, '<unknown>') as column_name,
        coalesce(columns.column_index, 1) as column_index,
        coalesce(columns.column_type, '<unknown>') as column_type,
        coalesce(columns.column_comment, '') as column_comment,

        'Shard count' as `stats__date_shards__label`,
        table_stats.shard_count as `stats__date_shards__value`,
        'The number of date shards in this table' as `stats__date_shards__description`,
        tables.is_date_shard as `stats__date_shards__include`,

        'Shard (min)' as `stats__date_shard_min__label`,
        table_stats.shard_min as `stats__date_shard_min__value`,
        'The first date shard in this table' as `stats__date_shard_min__description`,
        tables.is_date_shard as `stats__date_shard_min__include`,

        'Shard (max)' as `stats__date_shard_max__label`,
        table_stats.shard_max as `stats__date_shard_max__value`,
        'The last date shard in this table' as `stats__date_shard_max__description`,
        tables.is_date_shard as `stats__date_shard_max__include`,

        '# Rows' as `stats__num_rows__label`,
        table_stats.row_count as `stats__num_rows__value`,
        'Approximate count of rows in this table' as `stats__num_rows__description`,
        tables.is_table as `stats__num_rows__include`,

        'Approximate Size' as `stats__num_bytes__label`,
        table_stats.size_bytes as `stats__num_bytes__value`,
        'Approximate size of table as reported by BigQuery' as `stats__num_bytes__description`,
        tables.is_table as `stats__num_bytes__include`,

        'Partitioned By' as `stats__partitioning_type__label`,
        column_stats.partition_column as `stats__partitioning_type__value`,
        'The partitioning column for this table' as `stats__partitioning_type__description`,
        column_stats.is_partitioned as `stats__partitioning_type__include`,

        'Clustered By' as `stats__clustering_fields__label`,
        column_stats.clustering_columns as `stats__clustering_fields__value`,
        'The clustering columns for this table' as `stats__clustering_fields__description`,
        column_stats.is_clustered as `stats__clustering_fields__include`

    from tables
    join table_stats
        on table_stats.table_catalog = tables.table_catalog
        and table_stats.table_schema = tables.table_schema
        and table_stats.table_name = tables.table_name
    left join column_stats
        on column_stats.table_catalog = tables.table_catalog
        and column_stats.table_schema = tables.table_schema
        and column_stats.shard_name = table_stats.latest_shard_name
    left join columns
        on columns.table_catalog = tables.table_catalog
        and columns.table_schema = tables.table_schema
        and columns.shard_name = table_stats.latest_shard_name

  
[0m10:17:31.771516 [debug] [ThreadPool]: Opening a new connection, currently in state init
[0m10:17:33.296213 [debug] [ThreadPool]: BigQuery adapter: https://console.cloud.google.com/bigquery?project=gbi-test&j=bq:US:ca726295-2ad1-4be9-9328-9230494bf178&page=queryresults
[0m10:17:34.723229 [debug] [ThreadPool]: SQL status: OK in 1.427 seconds
[0m10:17:35.548478 [debug] [MainThread]: Opening a new connection, currently in state init
[0m10:17:35.600969 [debug] [MainThread]: Wrote artifact CatalogArtifact to C:\Users\newbi\Documents\Local_Documents\google-fiber-fcr-capstone-dbt\dbt\target\catalog.json
[0m10:17:35.639807 [debug] [MainThread]: Wrote artifact WritableManifest to C:\Users\newbi\Documents\Local_Documents\google-fiber-fcr-capstone-dbt\dbt\target\manifest.json
[0m10:17:35.655607 [debug] [MainThread]: Wrote artifact SemanticManifest to C:\Users\newbi\Documents\Local_Documents\google-fiber-fcr-capstone-dbt\dbt\target\semantic_manifest.json
[0m10:17:35.655607 [info ] [MainThread]: Catalog written to C:\Users\newbi\Documents\Local_Documents\google-fiber-fcr-capstone-dbt\dbt\target\catalog.json
[0m10:17:35.655607 [debug] [MainThread]: Command `dbt docs generate` succeeded at 10:17:35.655607 after 15.70 seconds
[0m10:17:35.655607 [debug] [MainThread]: Connection 'generate_catalog' was properly closed.
[0m10:17:35.655607 [debug] [MainThread]: Connection 'gbi-test.information_schema' was properly closed.
[0m10:17:35.655607 [debug] [MainThread]: Sending event: {'category': 'dbt', 'action': 'invocation', 'label': 'end', 'context': [<snowplow_tracker.self_describing_json.SelfDescribingJson object at 0x000002D85DB27350>, <snowplow_tracker.self_describing_json.SelfDescribingJson object at 0x000002D85D868500>, <snowplow_tracker.self_describing_json.SelfDescribingJson object at 0x000002D859B88560>]}
[0m10:17:35.655607 [debug] [MainThread]: Flushing usage events
[0m10:17:36.933888 [debug] [MainThread]: An error was encountered while trying to flush usage events
